"","Invitro_protein","Biopsies_protein","Protein_detection","Heart_Failure_info_protein","High_MM_Protein"
"A1L0T0",NA,"turquoise",2,FALSE,FALSE
"A2A3L6",NA,"brown",2,FALSE,FALSE
"A3KMH1",NA,"yellow",2,FALSE,TRUE
"A4UGR9",NA,"turquoise",2,TRUE,FALSE
"A6NDG6",NA,"green",2,FALSE,TRUE
"A6NMZ7",NA,"yellow",2,FALSE,FALSE
"B9A064",NA,"brown",2,FALSE,FALSE
"E9PAV3","turquoise","blue",3,FALSE,FALSE
"O00151","turquoise","blue",3,FALSE,TRUE
"O00159",NA,"turquoise",2,FALSE,TRUE
"O00217","brown","blue",3,FALSE,FALSE
"O00231","green","blue",3,FALSE,FALSE
"O00232",NA,"turquoise",2,FALSE,FALSE
"O00299","blue","red",3,FALSE,FALSE
"O00330","brown","brown",3,FALSE,FALSE
"O00339",NA,"green",2,FALSE,TRUE
"O00410",NA,"turquoise",2,FALSE,FALSE
"O00425","turquoise",NA,1,FALSE,FALSE
"O00429","turquoise","yellow",3,TRUE,FALSE
"O00468",NA,"pink",2,FALSE,FALSE
"O00479",NA,"red",2,FALSE,TRUE
"O00483",NA,"green",2,FALSE,TRUE
"O00571","green","green",3,FALSE,FALSE
"O00629",NA,"turquoise",2,FALSE,TRUE
"O00748",NA,"pink",2,FALSE,FALSE
"O00764",NA,"green",2,FALSE,TRUE
"O14548",NA,"turquoise",2,FALSE,FALSE
"O14558",NA,"blue",2,FALSE,FALSE
"O14559",NA,"yellow",2,FALSE,TRUE
"O14561","red","brown",3,FALSE,FALSE
"O14639","green","brown",3,FALSE,FALSE
"O14646",NA,"black",2,FALSE,FALSE
"O14737",NA,"brown",2,FALSE,TRUE
"O14773","turquoise","blue",3,FALSE,FALSE
"O14818","green","brown",3,FALSE,FALSE
"O14880","blue","turquoise",3,FALSE,FALSE
"O14907",NA,"red",2,FALSE,FALSE
"O14949",NA,"turquoise",2,FALSE,FALSE
"O14958",NA,"blue",2,TRUE,FALSE
"O14974","turquoise","brown",3,FALSE,FALSE
"O14979","turquoise","yellow",3,FALSE,TRUE
"O15020",NA,"yellow",2,FALSE,FALSE
"O15061",NA,"blue",2,FALSE,TRUE
"O15144","blue","yellow",3,FALSE,TRUE
"O15145","turquoise","red",3,FALSE,FALSE
"O15173","blue","turquoise",3,FALSE,FALSE
"O15212",NA,"red",2,FALSE,FALSE
"O15230","yellow","pink",3,FALSE,FALSE
"O15239",NA,"turquoise",2,FALSE,FALSE
"O15273",NA,"turquoise",2,FALSE,FALSE
"O15327",NA,"brown",2,FALSE,FALSE
"O15372",NA,"blue",2,FALSE,FALSE
"O15382",NA,"turquoise",2,FALSE,FALSE
"O15400",NA,"turquoise",2,FALSE,FALSE
"O15511",NA,"red",2,FALSE,FALSE
"O43169",NA,"turquoise",2,FALSE,FALSE
"O43175","green",NA,1,FALSE,FALSE
"O43181",NA,"blue",2,FALSE,FALSE
"O43237",NA,"yellow",2,FALSE,FALSE
"O43242","blue","turquoise",3,FALSE,TRUE
"O43301",NA,"green",2,FALSE,FALSE
"O43390","brown","blue",3,FALSE,TRUE
"O43396",NA,"blue",2,FALSE,FALSE
"O43399",NA,"turquoise",2,FALSE,FALSE
"O43488",NA,"brown",2,FALSE,FALSE
"O43491",NA,"blue",2,FALSE,FALSE
"O43583",NA,"red",2,TRUE,TRUE
"O43615",NA,"turquoise",2,FALSE,FALSE
"O43674",NA,"turquoise",2,FALSE,FALSE
"O43676",NA,"green",2,FALSE,FALSE
"O43678","brown","blue",3,FALSE,FALSE
"O43707","blue","yellow",3,FALSE,FALSE
"O43765","turquoise","turquoise",3,TRUE,FALSE
"O43772",NA,"turquoise",2,FALSE,TRUE
"O43776","blue","green",3,FALSE,TRUE
"O43813",NA,"yellow",2,FALSE,FALSE
"O43837","brown","brown",3,FALSE,FALSE
"O43852","blue","red",3,FALSE,TRUE
"O43865",NA,"red",2,FALSE,TRUE
"O43920","turquoise","blue",3,FALSE,FALSE
"O60220",NA,"brown",2,FALSE,TRUE
"O60237",NA,"brown",2,FALSE,FALSE
"O60240",NA,"red",2,FALSE,FALSE
"O60244",NA,"blue",2,FALSE,FALSE
"O60313","green","turquoise",3,TRUE,FALSE
"O60437",NA,"blue",2,FALSE,FALSE
"O60493","turquoise","blue",3,FALSE,TRUE
"O60494",NA,"blue",2,FALSE,FALSE
"O60506","turquoise","brown",3,FALSE,FALSE
"O60662",NA,"green",2,FALSE,FALSE
"O60664","blue","yellow",3,FALSE,FALSE
"O60701","blue",NA,1,FALSE,FALSE
"O60716","turquoise","yellow",3,FALSE,FALSE
"O60739",NA,"brown",2,FALSE,FALSE
"O60763","blue","pink",3,FALSE,FALSE
"O60884",NA,"yellow",2,FALSE,FALSE
"O60888",NA,"brown",2,FALSE,FALSE
"O60936",NA,"green",2,FALSE,FALSE
"O75083","turquoise","blue",3,FALSE,FALSE
"O75112","turquoise","black",3,FALSE,FALSE
"O75131","yellow","turquoise",3,FALSE,FALSE
"O75147","turquoise",NA,1,FALSE,FALSE
"O75155",NA,"green",2,FALSE,TRUE
"O75179",NA,"blue",2,FALSE,FALSE
"O75190",NA,"blue",2,FALSE,FALSE
"O75208",NA,"brown",2,FALSE,FALSE
"O75251",NA,"red",2,FALSE,FALSE
"O75306","brown","turquoise",3,FALSE,TRUE
"O75323","green","brown",3,FALSE,FALSE
"O75339",NA,"turquoise",2,FALSE,FALSE
"O75347","turquoise","blue",3,FALSE,TRUE
"O75367","yellow","turquoise",3,FALSE,FALSE
"O75368","turquoise","blue",3,FALSE,TRUE
"O75369",NA,"red",2,FALSE,FALSE
"O75380","green","blue",3,TRUE,FALSE
"O75390","blue","turquoise",3,TRUE,TRUE
"O75396","blue","turquoise",3,FALSE,FALSE
"O75431",NA,"turquoise",2,FALSE,TRUE
"O75438",NA,"blue",2,FALSE,FALSE
"O75439","green","brown",3,FALSE,TRUE
"O75489","brown","blue",3,FALSE,TRUE
"O75521","blue","brown",3,FALSE,FALSE
"O75531","brown","red",3,FALSE,TRUE
"O75534","green",NA,1,FALSE,FALSE
"O75608","green","blue",3,FALSE,FALSE
"O75648",NA,"blue",2,FALSE,TRUE
"O75746","turquoise","turquoise",3,FALSE,TRUE
"O75874","brown","red",3,FALSE,TRUE
"O75915",NA,"turquoise",2,FALSE,TRUE
"O75923",NA,"turquoise",2,FALSE,FALSE
"O75947","brown","brown",3,FALSE,TRUE
"O75955","brown","yellow",3,FALSE,FALSE
"O75964",NA,"brown",2,FALSE,FALSE
"O76041","turquoise","blue",3,FALSE,TRUE
"O76070",NA,"blue",2,FALSE,FALSE
"O94826",NA,"turquoise",2,TRUE,TRUE
"O94874",NA,"turquoise",2,FALSE,TRUE
"O94875","turquoise","blue",3,FALSE,FALSE
"O94903",NA,"blue",2,FALSE,TRUE
"O94905","brown",NA,1,FALSE,FALSE
"O94925","brown","brown",3,FALSE,FALSE
"O94929",NA,"blue",2,FALSE,FALSE
"O94979","blue",NA,1,FALSE,FALSE
"O95057",NA,"turquoise",2,FALSE,FALSE
"O95139",NA,"blue",2,FALSE,FALSE
"O95140",NA,"turquoise",2,TRUE,TRUE
"O95155",NA,"blue",2,FALSE,TRUE
"O95167",NA,"blue",2,FALSE,FALSE
"O95168",NA,"blue",2,FALSE,FALSE
"O95169",NA,"turquoise",2,FALSE,FALSE
"O95182",NA,"blue",2,FALSE,FALSE
"O95202","blue","turquoise",3,FALSE,TRUE
"O95210",NA,"green",2,FALSE,TRUE
"O95292",NA,"turquoise",2,FALSE,TRUE
"O95298",NA,"turquoise",2,FALSE,FALSE
"O95299","brown","turquoise",3,FALSE,FALSE
"O95336","turquoise",NA,1,FALSE,FALSE
"O95425","green","turquoise",3,FALSE,FALSE
"O95563",NA,"turquoise",2,FALSE,TRUE
"O95674",NA,"turquoise",2,TRUE,TRUE
"O95747",NA,"green",2,FALSE,FALSE
"O95757",NA,"brown",2,FALSE,FALSE
"O95810",NA,"blue",2,FALSE,TRUE
"O95816",NA,"red",2,FALSE,TRUE
"O95817","turquoise","blue",3,TRUE,TRUE
"O95822",NA,"turquoise",2,FALSE,TRUE
"O95831","brown","turquoise",3,FALSE,FALSE
"O95834",NA,"turquoise",2,FALSE,FALSE
"O95865",NA,"blue",2,FALSE,TRUE
"O96000","brown","brown",3,FALSE,FALSE
"O96008",NA,"yellow",2,FALSE,TRUE
"P00167",NA,"yellow",2,FALSE,TRUE
"P00325",NA,"yellow",2,FALSE,FALSE
"P00326",NA,"yellow",2,FALSE,TRUE
"P00338","yellow","green",3,FALSE,FALSE
"P00352",NA,"brown",2,FALSE,FALSE
"P00367","brown","brown",3,FALSE,FALSE
"P00387","blue","turquoise",3,FALSE,TRUE
"P00390","turquoise","brown",3,TRUE,FALSE
"P00403","blue","turquoise",3,TRUE,TRUE
"P00441","turquoise","yellow",3,TRUE,FALSE
"P00450",NA,"black",2,TRUE,FALSE
"P00451",NA,"blue",2,FALSE,FALSE
"P00488",NA,"green",2,FALSE,FALSE
"P00491",NA,"yellow",2,FALSE,FALSE
"P00505","brown","brown",3,FALSE,FALSE
"P00558","turquoise","brown",3,TRUE,FALSE
"P00568","turquoise","red",3,FALSE,FALSE
"P00734","brown","black",3,FALSE,FALSE
"P00738",NA,"black",2,TRUE,TRUE
"P00740",NA,"green",2,FALSE,TRUE
"P00747","blue","yellow",3,FALSE,FALSE
"P00751",NA,"black",2,FALSE,FALSE
"P00846",NA,"turquoise",2,FALSE,TRUE
"P00915",NA,"black",2,FALSE,TRUE
"P00918",NA,"black",2,FALSE,TRUE
"P01008","blue","black",3,FALSE,TRUE
"P01009",NA,"black",2,FALSE,FALSE
"P01011",NA,"black",2,FALSE,FALSE
"P01019",NA,"black",2,TRUE,FALSE
"P01023","blue","black",3,FALSE,TRUE
"P01024","blue","red",3,FALSE,FALSE
"P01031",NA,"yellow",2,FALSE,TRUE
"P01040",NA,"blue",2,FALSE,FALSE
"P01042",NA,"black",2,TRUE,FALSE
"P01593",NA,"brown",2,FALSE,FALSE
"P01762",NA,"black",2,FALSE,TRUE
"P01765",NA,"black",2,FALSE,FALSE
"P01769",NA,"yellow",2,FALSE,FALSE
"P01780",NA,"turquoise",2,FALSE,FALSE
"P01781",NA,"brown",2,FALSE,FALSE
"P01825",NA,"yellow",2,FALSE,FALSE
"P01834",NA,"yellow",2,FALSE,FALSE
"P01857",NA,"black",2,FALSE,FALSE
"P01859",NA,"black",2,FALSE,FALSE
"P01860",NA,"yellow",2,FALSE,FALSE
"P01861",NA,"yellow",2,FALSE,FALSE
"P01871",NA,"green",2,FALSE,TRUE
"P01876",NA,"black",2,FALSE,FALSE
"P02042",NA,"black",2,FALSE,FALSE
"P02144","turquoise","brown",3,FALSE,FALSE
"P02452",NA,"yellow",2,TRUE,FALSE
"P02462","yellow","turquoise",3,FALSE,FALSE
"P02511","brown","yellow",3,FALSE,FALSE
"P02533","green","brown",3,FALSE,FALSE
"P02538",NA,"brown",2,FALSE,FALSE
"P02545","turquoise","blue",3,TRUE,TRUE
"P02549",NA,"turquoise",2,FALSE,FALSE
"P02647",NA,"red",2,TRUE,FALSE
"P02649","brown","red",3,TRUE,TRUE
"P02652",NA,"brown",2,FALSE,FALSE
"P02654",NA,"black",2,TRUE,FALSE
"P02671",NA,"green",2,FALSE,FALSE
"P02675",NA,"green",2,FALSE,FALSE
"P02679",NA,"green",2,FALSE,FALSE
"P02730",NA,"turquoise",2,FALSE,FALSE
"P02743",NA,"blue",2,TRUE,FALSE
"P02749","blue","red",3,FALSE,FALSE
"P02750",NA,"black",2,FALSE,FALSE
"P02751","blue","green",3,FALSE,FALSE
"P02760",NA,"blue",2,FALSE,FALSE
"P02763",NA,"black",2,FALSE,FALSE
"P02765","brown","black",3,FALSE,FALSE
"P02766",NA,"brown",2,TRUE,TRUE
"P02768","blue","black",3,TRUE,FALSE
"P02771","blue",NA,1,FALSE,TRUE
"P02774","blue","blue",3,TRUE,TRUE
"P02775",NA,"black",2,FALSE,FALSE
"P02786","blue",NA,1,TRUE,FALSE
"P02787","brown","red",3,TRUE,FALSE
"P02788","blue",NA,1,FALSE,TRUE
"P02790",NA,"black",2,FALSE,FALSE
"P03915",NA,"turquoise",2,TRUE,FALSE
"P03928",NA,"blue",2,FALSE,FALSE
"P04004","brown","yellow",3,FALSE,FALSE
"P04040",NA,"brown",2,TRUE,FALSE
"P04075","yellow","brown",3,FALSE,TRUE
"P04080",NA,"brown",2,FALSE,FALSE
"P04083","blue","red",3,FALSE,FALSE
"P04114","yellow","yellow",3,FALSE,FALSE
"P04179","blue","brown",3,TRUE,FALSE
"P04196",NA,"red",2,FALSE,FALSE
"P04217",NA,"turquoise",2,FALSE,FALSE
"P04259",NA,"brown",2,FALSE,FALSE
"P04264","yellow","brown",3,FALSE,FALSE
"P04275",NA,"turquoise",2,TRUE,FALSE
"P04350",NA,"blue",2,FALSE,FALSE
"P04406","turquoise","brown",3,FALSE,FALSE
"P04632","blue","turquoise",3,FALSE,FALSE
"P04792","yellow","blue",3,TRUE,TRUE
"P04843","blue","turquoise",3,FALSE,FALSE
"P04844","blue","turquoise",3,FALSE,FALSE
"P04899","brown","turquoise",3,FALSE,TRUE
"P05023","yellow","turquoise",3,FALSE,TRUE
"P05026","blue","turquoise",3,FALSE,TRUE
"P05091","brown","blue",3,TRUE,FALSE
"P05106",NA,"turquoise",2,FALSE,FALSE
"P05109",NA,"brown",2,FALSE,FALSE
"P05141","green","turquoise",3,FALSE,TRUE
"P05155",NA,"black",2,FALSE,TRUE
"P05156",NA,"black",2,FALSE,FALSE
"P05165","blue","brown",3,FALSE,FALSE
"P05166","blue","brown",3,FALSE,FALSE
"P05198","red","yellow",3,FALSE,TRUE
"P05204",NA,"blue",2,FALSE,TRUE
"P05386",NA,"red",2,FALSE,TRUE
"P05387","turquoise","red",3,FALSE,TRUE
"P05388","brown","brown",3,FALSE,FALSE
"P05413","turquoise","yellow",3,FALSE,FALSE
"P05455","green","turquoise",3,FALSE,FALSE
"P05546",NA,"green",2,FALSE,FALSE
"P05556","green","turquoise",3,TRUE,TRUE
"P05783","yellow",NA,1,FALSE,FALSE
"P05787","yellow",NA,1,FALSE,FALSE
"P05976",NA,"blue",2,FALSE,FALSE
"P06396","blue","red",3,TRUE,FALSE
"P06454",NA,"red",2,FALSE,TRUE
"P06576","brown","brown",3,FALSE,TRUE
"P06702",NA,"brown",2,FALSE,FALSE
"P06703",NA,"blue",2,FALSE,FALSE
"P06727",NA,"brown",2,FALSE,FALSE
"P06732","blue","green",3,FALSE,FALSE
"P06733","yellow","brown",3,FALSE,TRUE
"P06744","yellow","turquoise",3,FALSE,TRUE
"P06748","brown","red",3,FALSE,FALSE
"P06753",NA,"blue",2,FALSE,TRUE
"P06756","yellow",NA,1,FALSE,FALSE
"P06858",NA,"red",2,FALSE,FALSE
"P06865","green",NA,1,FALSE,FALSE
"P07108",NA,"brown",2,FALSE,TRUE
"P07195","turquoise","turquoise",3,FALSE,TRUE
"P07203","brown","brown",3,FALSE,FALSE
"P07237","blue","brown",3,TRUE,TRUE
"P07305",NA,"blue",2,FALSE,FALSE
"P07339","blue","turquoise",3,FALSE,TRUE
"P07355","brown","red",3,FALSE,TRUE
"P07384",NA,"turquoise",2,FALSE,FALSE
"P07437","yellow","turquoise",3,TRUE,TRUE
"P07451",NA,"blue",2,FALSE,FALSE
"P07585",NA,"red",2,TRUE,TRUE
"P07602","turquoise","yellow",3,FALSE,FALSE
"P07686","brown","blue",3,FALSE,FALSE
"P07737","yellow","red",3,FALSE,FALSE
"P07814","green","green",3,FALSE,FALSE
"P07858","yellow","blue",3,TRUE,FALSE
"P07900","yellow","blue",3,FALSE,FALSE
"P07910","turquoise","brown",3,FALSE,FALSE
"P07919","brown","green",3,FALSE,FALSE
"P07942","yellow","green",3,FALSE,FALSE
"P07951","turquoise","red",3,FALSE,FALSE
"P07954","blue","brown",3,FALSE,TRUE
"P07996","blue","green",3,TRUE,FALSE
"P08123",NA,"blue",2,TRUE,FALSE
"P08133","turquoise","turquoise",3,TRUE,FALSE
"P08237","turquoise","turquoise",3,FALSE,FALSE
"P08238","blue","blue",3,FALSE,FALSE
"P08294",NA,"yellow",2,TRUE,FALSE
"P08311",NA,"brown",2,FALSE,FALSE
"P08514",NA,"brown",2,FALSE,FALSE
"P08559","brown","brown",3,FALSE,TRUE
"P08572","yellow","turquoise",3,FALSE,TRUE
"P08574","blue","turquoise",3,FALSE,TRUE
"P08590","turquoise","blue",3,FALSE,TRUE
"P08603",NA,"green",2,FALSE,FALSE
"P08621","turquoise",NA,1,FALSE,FALSE
"P08670","blue","red",3,FALSE,TRUE
"P08697",NA,"yellow",2,FALSE,TRUE
"P08727","blue",NA,1,FALSE,FALSE
"P08758","brown","blue",3,TRUE,FALSE
"P08779",NA,"brown",2,FALSE,FALSE
"P08865","turquoise","turquoise",3,FALSE,FALSE
"P09104","turquoise","blue",3,FALSE,FALSE
"P09110","brown","brown",3,FALSE,FALSE
"P09211","brown","blue",3,FALSE,FALSE
"P09382","brown","red",3,FALSE,FALSE
"P09417",NA,"brown",2,FALSE,FALSE
"P09429","turquoise","brown",3,TRUE,FALSE
"P09493","yellow","blue",3,TRUE,TRUE
"P09497","turquoise","yellow",3,FALSE,TRUE
"P09525","brown","yellow",3,FALSE,FALSE
"P09622","brown","brown",3,FALSE,TRUE
"P09651","yellow","blue",3,FALSE,FALSE
"P09669","blue","turquoise",3,FALSE,FALSE
"P09874",NA,"blue",2,TRUE,TRUE
"P09960","turquoise",NA,1,FALSE,FALSE
"P09972","blue","blue",3,FALSE,FALSE
"P0C0L4",NA,"green",2,FALSE,FALSE
"P0C0L5",NA,"green",2,FALSE,TRUE
"P0C7P0",NA,"blue",2,FALSE,FALSE
"P0CAP1",NA,"yellow",2,FALSE,TRUE
"P0CG05",NA,"black",2,FALSE,FALSE
"P0CW24",NA,"pink",2,FALSE,FALSE
"P0DJI9",NA,"blue",2,FALSE,FALSE
"P10109",NA,"blue",2,FALSE,FALSE
"P10155","turquoise","turquoise",3,FALSE,TRUE
"P10176",NA,"turquoise",2,FALSE,FALSE
"P10253","yellow","brown",3,FALSE,FALSE
"P10301",NA,"turquoise",2,FALSE,TRUE
"P10515","brown","turquoise",3,FALSE,FALSE
"P10599","blue","yellow",3,TRUE,TRUE
"P10606","brown","blue",3,FALSE,TRUE
"P10644","brown","brown",3,TRUE,FALSE
"P10768","turquoise","green",3,FALSE,FALSE
"P10809","brown","blue",3,FALSE,TRUE
"P10909","turquoise","brown",3,FALSE,FALSE
"P10916","turquoise","blue",3,FALSE,TRUE
"P11021","blue","blue",3,FALSE,TRUE
"P11047","blue","blue",3,FALSE,FALSE
"P11055",NA,"yellow",2,FALSE,FALSE
"P11142","yellow","blue",3,FALSE,TRUE
"P11177","brown","brown",3,FALSE,TRUE
"P11182",NA,"blue",2,FALSE,FALSE
"P11216","turquoise","green",3,FALSE,TRUE
"P11217",NA,"green",2,FALSE,FALSE
"P11277","green","brown",3,FALSE,FALSE
"P11279","blue","turquoise",3,FALSE,TRUE
"P11310","brown","brown",3,FALSE,TRUE
"P11532","turquoise","brown",3,TRUE,FALSE
"P11586",NA,"yellow",2,FALSE,FALSE
"P11678",NA,"yellow",2,FALSE,TRUE
"P11766","blue","green",3,FALSE,FALSE
"P11940","turquoise","red",3,FALSE,FALSE
"P12109","blue","turquoise",3,FALSE,FALSE
"P12110",NA,"turquoise",2,FALSE,FALSE
"P12111","blue","blue",3,FALSE,FALSE
"P12235","brown","turquoise",3,FALSE,TRUE
"P12236","turquoise","turquoise",3,FALSE,TRUE
"P12259","brown",NA,1,FALSE,FALSE
"P12270",NA,"blue",2,FALSE,FALSE
"P12277","turquoise","blue",3,FALSE,FALSE
"P12429","brown","blue",3,FALSE,TRUE
"P12694",NA,"blue",2,FALSE,TRUE
"P12814","yellow","pink",3,FALSE,FALSE
"P12821",NA,"brown",2,TRUE,TRUE
"P12829","yellow","blue",3,FALSE,TRUE
"P12882",NA,"turquoise",2,FALSE,FALSE
"P12883","brown","blue",3,TRUE,FALSE
"P12956","turquoise","blue",3,TRUE,FALSE
"P13010","yellow","blue",3,FALSE,FALSE
"P13073","blue","blue",3,FALSE,FALSE
"P13489","yellow","green",3,FALSE,FALSE
"P13533","yellow","green",3,TRUE,TRUE
"P13535",NA,"blue",2,FALSE,FALSE
"P13569",NA,"red",2,FALSE,FALSE
"P13591","turquoise","brown",3,TRUE,TRUE
"P13611","blue","turquoise",3,FALSE,FALSE
"P13637",NA,"turquoise",2,TRUE,TRUE
"P13639","turquoise","yellow",3,FALSE,FALSE
"P13645","yellow","brown",3,FALSE,FALSE
"P13647","turquoise","brown",3,FALSE,FALSE
"P13667","blue","blue",3,FALSE,FALSE
"P13674",NA,"blue",2,FALSE,FALSE
"P13693","red","green",3,FALSE,FALSE
"P13716",NA,"yellow",2,FALSE,FALSE
"P13797","blue","turquoise",3,FALSE,FALSE
"P13798",NA,"brown",2,FALSE,FALSE
"P13804","brown","brown",3,FALSE,FALSE
"P13807","turquoise","turquoise",3,FALSE,TRUE
"P13861","brown","blue",3,FALSE,TRUE
"P13929","turquoise","blue",3,FALSE,FALSE
"P13987","blue","turquoise",3,FALSE,TRUE
"P14174","turquoise","green",3,FALSE,FALSE
"P14314","blue","blue",3,FALSE,TRUE
"P14324","red",NA,1,TRUE,FALSE
"P14406","brown","brown",3,FALSE,FALSE
"P14543","yellow","turquoise",3,FALSE,FALSE
"P14550",NA,"black",2,FALSE,FALSE
"P14618","yellow","yellow",3,FALSE,TRUE
"P14621",NA,"brown",2,FALSE,FALSE
"P14625","green","blue",3,FALSE,TRUE
"P14672",NA,"turquoise",2,TRUE,TRUE
"P14854","turquoise","blue",3,FALSE,TRUE
"P14866","green","blue",3,FALSE,TRUE
"P14868","turquoise","turquoise",3,FALSE,FALSE
"P14923","turquoise","blue",3,TRUE,FALSE
"P14927","blue","brown",3,FALSE,TRUE
"P15090",NA,"green",2,TRUE,FALSE
"P15121","turquoise","yellow",3,TRUE,FALSE
"P15259",NA,"brown",2,FALSE,FALSE
"P15289","red",NA,1,FALSE,FALSE
"P15311","yellow","blue",3,FALSE,TRUE
"P15502",NA,"turquoise",2,TRUE,FALSE
"P15531",NA,"yellow",2,FALSE,FALSE
"P15586","blue",NA,1,FALSE,FALSE
"P15880","blue","blue",3,FALSE,FALSE
"P15924","turquoise","yellow",3,TRUE,TRUE
"P15954",NA,"green",2,FALSE,FALSE
"P16070","blue",NA,1,TRUE,FALSE
"P16083",NA,"blue",2,FALSE,FALSE
"P16152",NA,"blue",2,FALSE,FALSE
"P16157",NA,"black",2,FALSE,FALSE
"P16219","blue","yellow",3,FALSE,FALSE
"P16278","red",NA,1,TRUE,FALSE
"P16401","turquoise","yellow",3,FALSE,FALSE
"P16403",NA,"yellow",2,FALSE,FALSE
"P16452",NA,"black",2,FALSE,FALSE
"P16520",NA,"blue",2,FALSE,FALSE
"P16615","brown","turquoise",3,TRUE,TRUE
"P16671",NA,"brown",2,TRUE,FALSE
"P16949","turquoise","brown",3,FALSE,FALSE
"P16989",NA,"blue",2,FALSE,FALSE
"P17152",NA,"yellow",2,FALSE,FALSE
"P17174","yellow","brown",3,FALSE,FALSE
"P17302",NA,"green",2,TRUE,FALSE
"P17540","turquoise","turquoise",3,FALSE,FALSE
"P17568",NA,"turquoise",2,FALSE,FALSE
"P17612",NA,"turquoise",2,FALSE,TRUE
"P17655","blue","green",3,FALSE,FALSE
"P17661",NA,"blue",2,TRUE,FALSE
"P17844","turquoise",NA,1,FALSE,FALSE
"P17858",NA,"turquoise",2,FALSE,FALSE
"P17931",NA,"brown",2,TRUE,TRUE
"P17980","turquoise","blue",3,FALSE,TRUE
"P17987","turquoise","yellow",3,FALSE,FALSE
"P18077","turquoise",NA,1,FALSE,FALSE
"P18124","turquoise","turquoise",3,FALSE,FALSE
"P18206","yellow","brown",3,TRUE,FALSE
"P18621","blue","green",3,FALSE,TRUE
"P18669","yellow","yellow",3,FALSE,FALSE
"P18859","turquoise","red",3,FALSE,TRUE
"P19012",NA,"yellow",2,FALSE,FALSE
"P19022",NA,"pink",2,FALSE,FALSE
"P19237","turquoise","blue",3,FALSE,FALSE
"P19338","yellow","brown",3,FALSE,TRUE
"P19367","brown","turquoise",3,FALSE,TRUE
"P19404","blue","brown",3,FALSE,FALSE
"P19429",NA,"brown",2,TRUE,TRUE
"P19652",NA,"yellow",2,FALSE,TRUE
"P19823","blue","blue",3,FALSE,FALSE
"P19827",NA,"pink",2,FALSE,FALSE
"P19971",NA,"red",2,FALSE,TRUE
"P20073","turquoise","blue",3,FALSE,FALSE
"P20618","blue","green",3,FALSE,TRUE
"P20674","brown","brown",3,FALSE,TRUE
"P20700","turquoise","red",3,FALSE,FALSE
"P20742","blue",NA,1,FALSE,FALSE
"P20774",NA,"red",2,TRUE,TRUE
"P20810",NA,"brown",2,TRUE,FALSE
"P20929",NA,"brown",2,FALSE,FALSE
"P20930",NA,"brown",2,FALSE,TRUE
"P20962","turquoise","blue",3,FALSE,FALSE
"P21266",NA,"green",2,FALSE,TRUE
"P21281","turquoise",NA,1,FALSE,FALSE
"P21291",NA,"green",2,FALSE,FALSE
"P21333","blue","green",3,TRUE,TRUE
"P21397",NA,"turquoise",2,FALSE,FALSE
"P21399","turquoise","turquoise",3,FALSE,FALSE
"P21695",NA,"blue",2,FALSE,FALSE
"P21796","blue","brown",3,FALSE,FALSE
"P21810",NA,"red",2,FALSE,FALSE
"P21912","brown","yellow",3,TRUE,FALSE
"P21953",NA,"green",2,FALSE,FALSE
"P21980","turquoise","turquoise",3,FALSE,FALSE
"P22033","turquoise","turquoise",3,FALSE,FALSE
"P22061","blue","blue",3,FALSE,TRUE
"P22087","red",NA,1,FALSE,FALSE
"P22105",NA,"blue",2,FALSE,FALSE
"P22234",NA,"brown",2,FALSE,FALSE
"P22307","blue","brown",3,FALSE,FALSE
"P22314","yellow","turquoise",3,FALSE,TRUE
"P22352",NA,"red",2,FALSE,TRUE
"P22392","yellow","black",3,FALSE,FALSE
"P22626","yellow","brown",3,FALSE,TRUE
"P22695","blue","blue",3,FALSE,FALSE
"P22830",NA,"pink",2,FALSE,FALSE
"P23141",NA,"blue",2,FALSE,FALSE
"P23142",NA,"red",2,FALSE,FALSE
"P23246","turquoise","red",3,FALSE,FALSE
"P23284","blue","red",3,FALSE,TRUE
"P23297",NA,"green",2,TRUE,TRUE
"P23327","blue","brown",3,TRUE,FALSE
"P23368","blue","green",3,FALSE,FALSE
"P23381",NA,"blue",2,FALSE,FALSE
"P23396","blue","red",3,FALSE,FALSE
"P23434",NA,"brown",2,FALSE,FALSE
"P23458",NA,"blue",2,FALSE,TRUE
"P23526","green","yellow",3,FALSE,FALSE
"P23528","turquoise","green",3,FALSE,TRUE
"P23588","turquoise","blue",3,FALSE,TRUE
"P23634","green","turquoise",3,TRUE,FALSE
"P23786","green","turquoise",3,TRUE,FALSE
"P23946",NA,"blue",2,TRUE,FALSE
"P24043",NA,"green",2,FALSE,FALSE
"P24298",NA,"turquoise",2,TRUE,FALSE
"P24310",NA,"green",2,FALSE,FALSE
"P24311",NA,"yellow",2,FALSE,FALSE
"P24534","blue","blue",3,FALSE,FALSE
"P24539","blue","green",3,FALSE,TRUE
"P24666",NA,"red",2,FALSE,FALSE
"P24752","brown","red",3,FALSE,FALSE
"P24844","yellow","brown",3,FALSE,FALSE
"P25311",NA,"green",2,FALSE,FALSE
"P25325",NA,"yellow",2,FALSE,FALSE
"P25398","turquoise","brown",3,FALSE,TRUE
"P25705","brown","blue",3,TRUE,TRUE
"P25786","blue","red",3,FALSE,FALSE
"P25787",NA,"brown",2,FALSE,FALSE
"P25788","yellow","yellow",3,FALSE,FALSE
"P25789","turquoise","pink",3,FALSE,FALSE
"P25815",NA,"yellow",2,FALSE,FALSE
"P25940",NA,"green",2,FALSE,FALSE
"P26038","blue","blue",3,FALSE,FALSE
"P26196",NA,"turquoise",2,FALSE,FALSE
"P26373","yellow","turquoise",3,FALSE,FALSE
"P26440","brown","blue",3,FALSE,TRUE
"P26447",NA,"brown",2,FALSE,FALSE
"P26583","turquoise","brown",3,FALSE,TRUE
"P26599","blue","blue",3,FALSE,FALSE
"P26639","red",NA,1,FALSE,FALSE
"P26641","turquoise","turquoise",3,FALSE,FALSE
"P26678","blue","turquoise",3,TRUE,TRUE
"P26885",NA,"brown",2,FALSE,FALSE
"P27105",NA,"turquoise",2,FALSE,FALSE
"P27144","green","blue",3,FALSE,FALSE
"P27338",NA,"turquoise",2,FALSE,TRUE
"P27348","blue","turquoise",3,FALSE,FALSE
"P27635","turquoise","green",3,FALSE,FALSE
"P27695","turquoise",NA,1,FALSE,FALSE
"P27797","blue","red",3,TRUE,TRUE
"P27816","turquoise","blue",3,FALSE,FALSE
"P27824","brown","green",3,FALSE,TRUE
"P28066","green","yellow",3,FALSE,FALSE
"P28070","blue","yellow",3,FALSE,FALSE
"P28072","turquoise","brown",3,FALSE,TRUE
"P28074","turquoise","blue",3,FALSE,FALSE
"P28161",NA,"green",2,FALSE,FALSE
"P28289","turquoise","brown",3,FALSE,TRUE
"P28331","blue","blue",3,FALSE,FALSE
"P28838","blue","brown",3,FALSE,FALSE
"P28906",NA,"yellow",2,FALSE,FALSE
"P29218","turquoise","yellow",3,FALSE,FALSE
"P29401","blue","blue",3,FALSE,TRUE
"P29508",NA,"brown",2,FALSE,FALSE
"P29692","turquoise","blue",3,FALSE,TRUE
"P29728",NA,"blue",2,FALSE,FALSE
"P29966",NA,"yellow",2,FALSE,TRUE
"P29992",NA,"blue",2,FALSE,FALSE
"P30038","brown","blue",3,FALSE,FALSE
"P30040","yellow","red",3,FALSE,TRUE
"P30041","turquoise","blue",3,FALSE,FALSE
"P30042","brown","brown",3,FALSE,FALSE
"P30043",NA,"blue",2,FALSE,FALSE
"P30044","green","red",3,FALSE,TRUE
"P30046",NA,"blue",2,FALSE,FALSE
"P30048","green","brown",3,TRUE,FALSE
"P30049","brown","red",3,FALSE,FALSE
"P30050","turquoise","brown",3,FALSE,FALSE
"P30084","brown","brown",3,FALSE,TRUE
"P30085","red","red",3,FALSE,FALSE
"P30086","blue","blue",3,TRUE,FALSE
"P30101","blue","red",3,FALSE,TRUE
"P30153","red","turquoise",3,TRUE,FALSE
"P30405","green","blue",3,FALSE,TRUE
"P30533","brown","blue",3,FALSE,FALSE
"P30613",NA,"yellow",2,FALSE,TRUE
"P30626","turquoise","yellow",3,TRUE,TRUE
"P30711",NA,"turquoise",2,FALSE,FALSE
"P30837","green","green",3,FALSE,FALSE
"P31040","brown","yellow",3,FALSE,FALSE
"P31150","blue","turquoise",3,FALSE,TRUE
"P31151",NA,"brown",2,FALSE,FALSE
"P31153",NA,"turquoise",2,FALSE,FALSE
"P31323","turquoise","blue",3,TRUE,FALSE
"P31930","brown","yellow",3,FALSE,FALSE
"P31937","brown","brown",3,FALSE,FALSE
"P31939","turquoise","green",3,FALSE,TRUE
"P31942","turquoise","brown",3,FALSE,TRUE
"P31943","turquoise","blue",3,FALSE,TRUE
"P31946","blue","yellow",3,FALSE,TRUE
"P31947",NA,"brown",2,FALSE,FALSE
"P31948","yellow","red",3,FALSE,FALSE
"P31949","blue","blue",3,FALSE,FALSE
"P32119","turquoise","blue",3,FALSE,FALSE
"P32418","green","turquoise",3,TRUE,FALSE
"P32456",NA,"blue",2,FALSE,TRUE
"P32969","turquoise","turquoise",3,FALSE,TRUE
"P33121","red","turquoise",3,FALSE,TRUE
"P33176","blue","green",3,FALSE,FALSE
"P33316",NA,"brown",2,FALSE,TRUE
"P34897","turquoise",NA,1,FALSE,FALSE
"P34913",NA,"yellow",2,TRUE,FALSE
"P34932","blue","turquoise",3,TRUE,FALSE
"P34949",NA,"turquoise",2,FALSE,FALSE
"P35080",NA,"blue",2,FALSE,FALSE
"P35221","blue","turquoise",3,FALSE,FALSE
"P35222","blue","pink",3,FALSE,TRUE
"P35232","brown","green",3,FALSE,TRUE
"P35237","turquoise","blue",3,FALSE,FALSE
"P35241","blue","yellow",3,FALSE,TRUE
"P35268","yellow","blue",3,FALSE,TRUE
"P35270",NA,"brown",2,FALSE,FALSE
"P35443",NA,"turquoise",2,FALSE,FALSE
"P35527","yellow","brown",3,FALSE,TRUE
"P35555","blue","turquoise",3,TRUE,FALSE
"P35556","turquoise",NA,1,FALSE,FALSE
"P35573",NA,"black",2,FALSE,FALSE
"P35579","blue","green",3,FALSE,TRUE
"P35580","blue","yellow",3,FALSE,TRUE
"P35606","blue","blue",3,FALSE,FALSE
"P35609","green","turquoise",3,FALSE,FALSE
"P35611","red","red",3,TRUE,FALSE
"P35613","brown","black",3,FALSE,TRUE
"P35637","yellow",NA,1,FALSE,FALSE
"P35749",NA,"turquoise",2,FALSE,FALSE
"P35754",NA,"yellow",2,FALSE,FALSE
"P35908","yellow","brown",3,FALSE,TRUE
"P35914",NA,"blue",2,FALSE,FALSE
"P35998","green","blue",3,FALSE,FALSE
"P36269",NA,"green",2,FALSE,FALSE
"P36405",NA,"brown",2,FALSE,FALSE
"P36542","brown","brown",3,FALSE,TRUE
"P36578","turquoise","green",3,FALSE,FALSE
"P36776","brown","turquoise",3,TRUE,FALSE
"P36871","blue","green",3,FALSE,FALSE
"P36955",NA,"black",2,FALSE,FALSE
"P36957","brown","brown",3,FALSE,FALSE
"P36969",NA,"green",2,TRUE,FALSE
"P37108",NA,"brown",2,FALSE,FALSE
"P37802","blue","red",3,FALSE,TRUE
"P37837","blue","blue",3,FALSE,FALSE
"P37840",NA,"blue",2,FALSE,FALSE
"P38117","brown","brown",3,FALSE,TRUE
"P38159","yellow","green",3,FALSE,FALSE
"P38606","blue","turquoise",3,FALSE,FALSE
"P38646","brown","blue",3,FALSE,TRUE
"P38919","turquoise",NA,1,FALSE,FALSE
"P39019",NA,"red",2,TRUE,TRUE
"P39023","yellow","yellow",3,FALSE,FALSE
"P39059",NA,"brown",2,FALSE,FALSE
"P39060","yellow","yellow",3,FALSE,FALSE
"P39656","turquoise","turquoise",3,FALSE,TRUE
"P39687","turquoise",NA,1,FALSE,FALSE
"P40123","turquoise","yellow",3,FALSE,FALSE
"P40227","turquoise","green",3,FALSE,FALSE
"P40429","brown",NA,1,FALSE,FALSE
"P40925","yellow","turquoise",3,FALSE,FALSE
"P40926","green","brown",3,TRUE,TRUE
"P40939","brown","brown",3,TRUE,FALSE
"P41222",NA,"brown",2,FALSE,FALSE
"P41250","green","green",3,FALSE,TRUE
"P42025",NA,"green",2,FALSE,FALSE
"P42126","brown","brown",3,FALSE,FALSE
"P42356",NA,"blue",2,FALSE,TRUE
"P42704","brown","green",3,TRUE,TRUE
"P42765","brown","brown",3,FALSE,FALSE
"P42766","turquoise",NA,1,FALSE,FALSE
"P43034","turquoise","yellow",3,FALSE,FALSE
"P43121",NA,"turquoise",2,FALSE,TRUE
"P43155","brown","blue",3,FALSE,FALSE
"P43243","turquoise","black",3,FALSE,TRUE
"P43304",NA,"turquoise",2,FALSE,FALSE
"P43490","blue","black",3,TRUE,FALSE
"P43652",NA,"yellow",2,FALSE,FALSE
"P43686","turquoise","blue",3,FALSE,TRUE
"P45379","turquoise","red",3,TRUE,TRUE
"P45880","brown","turquoise",3,FALSE,FALSE
"P45954","brown","blue",3,FALSE,FALSE
"P45974","yellow","yellow",3,FALSE,FALSE
"P46019",NA,"brown",2,FALSE,FALSE
"P46199",NA,"brown",2,FALSE,FALSE
"P46776","blue",NA,1,FALSE,FALSE
"P46777","red","green",3,FALSE,FALSE
"P46778","blue","green",3,FALSE,FALSE
"P46779","brown",NA,1,FALSE,FALSE
"P46781","yellow","turquoise",3,FALSE,FALSE
"P46782","red","turquoise",3,FALSE,FALSE
"P46783",NA,"yellow",2,FALSE,FALSE
"P46821","blue",NA,1,FALSE,FALSE
"P46940",NA,"green",2,FALSE,TRUE
"P46976","turquoise","green",3,FALSE,FALSE
"P47755","turquoise","blue",3,FALSE,TRUE
"P47756","blue","brown",3,FALSE,TRUE
"P47895",NA,"brown",2,FALSE,FALSE
"P47897","turquoise",NA,1,FALSE,FALSE
"P47914","blue",NA,1,FALSE,FALSE
"P47929",NA,"brown",2,FALSE,FALSE
"P47985",NA,"red",2,FALSE,FALSE
"P48047","brown","brown",3,FALSE,TRUE
"P48059",NA,"yellow",2,FALSE,FALSE
"P48147","turquoise","turquoise",3,FALSE,FALSE
"P48163",NA,"turquoise",2,FALSE,TRUE
"P48594",NA,"yellow",2,FALSE,FALSE
"P48637",NA,"brown",2,FALSE,FALSE
"P48643","turquoise","green",3,FALSE,FALSE
"P48681","turquoise","blue",3,TRUE,FALSE
"P48728",NA,"brown",2,FALSE,FALSE
"P48735","brown","brown",3,FALSE,TRUE
"P49189","green","turquoise",3,FALSE,FALSE
"P49207","red","turquoise",3,FALSE,FALSE
"P49257",NA,"green",2,FALSE,TRUE
"P49327","green","green",3,TRUE,FALSE
"P49368","green","turquoise",3,FALSE,FALSE
"P49411","brown","blue",3,FALSE,TRUE
"P49419","green","turquoise",3,FALSE,FALSE
"P49454",NA,"turquoise",2,FALSE,FALSE
"P49458","yellow",NA,1,FALSE,FALSE
"P49588","red",NA,1,FALSE,FALSE
"P49591","turquoise","yellow",3,FALSE,FALSE
"P49720",NA,"green",2,FALSE,TRUE
"P49721",NA,"turquoise",2,FALSE,FALSE
"P49748","brown","brown",3,FALSE,FALSE
"P49753",NA,"turquoise",2,FALSE,FALSE
"P49755","brown","turquoise",3,FALSE,TRUE
"P49773",NA,"brown",2,FALSE,FALSE
"P49821","brown","blue",3,FALSE,TRUE
"P50213","brown","brown",3,FALSE,TRUE
"P50336",NA,"turquoise",2,FALSE,TRUE
"P50395","blue","turquoise",3,FALSE,FALSE
"P50454","red","blue",3,FALSE,FALSE
"P50461","turquoise","blue",3,TRUE,FALSE
"P50502",NA,"red",2,FALSE,TRUE
"P50895","turquoise","red",3,FALSE,FALSE
"P50897",NA,"blue",2,FALSE,FALSE
"P50914","turquoise",NA,1,FALSE,FALSE
"P50990","turquoise","blue",3,FALSE,FALSE
"P50991","brown","green",3,FALSE,FALSE
"P50993",NA,"green",2,FALSE,FALSE
"P50995","red","green",3,FALSE,FALSE
"P51114",NA,"red",2,FALSE,FALSE
"P51148",NA,"green",2,FALSE,FALSE
"P51149","blue","green",3,FALSE,TRUE
"P51452","turquoise","turquoise",3,FALSE,FALSE
"P51553","brown","brown",3,FALSE,FALSE
"P51572",NA,"turquoise",2,FALSE,FALSE
"P51608",NA,"green",2,TRUE,FALSE
"P51648",NA,"turquoise",2,FALSE,TRUE
"P51649",NA,"blue",2,FALSE,FALSE
"P51659","green","pink",3,FALSE,FALSE
"P51665",NA,"turquoise",2,FALSE,FALSE
"P51687",NA,"brown",2,FALSE,FALSE
"P51858","blue","yellow",3,FALSE,TRUE
"P51884",NA,"red",2,TRUE,TRUE
"P51888",NA,"red",2,FALSE,FALSE
"P51911",NA,"turquoise",2,TRUE,FALSE
"P51970","turquoise","brown",3,FALSE,FALSE
"P51991","blue","red",3,FALSE,FALSE
"P52179","turquoise","blue",3,FALSE,FALSE
"P52209","blue","green",3,FALSE,TRUE
"P52272","green","brown",3,FALSE,TRUE
"P52565","blue","red",3,FALSE,TRUE
"P52566",NA,"yellow",2,FALSE,TRUE
"P52597","red","yellow",3,FALSE,FALSE
"P52758",NA,"blue",2,FALSE,FALSE
"P52815","turquoise","brown",3,FALSE,TRUE
"P52907","yellow","blue",3,FALSE,TRUE
"P52943","blue","blue",3,FALSE,FALSE
"P53004",NA,"yellow",2,FALSE,TRUE
"P53041",NA,"green",2,FALSE,FALSE
"P53597","brown","brown",3,FALSE,FALSE
"P53618",NA,"green",2,FALSE,TRUE
"P53621","brown",NA,1,FALSE,FALSE
"P53804",NA,"yellow",2,FALSE,FALSE
"P53814",NA,"brown",2,FALSE,FALSE
"P53999","turquoise","yellow",3,FALSE,TRUE
"P54136","blue","green",3,FALSE,FALSE
"P54289",NA,"green",2,FALSE,FALSE
"P54296",NA,"blue",2,FALSE,FALSE
"P54577","turquoise",NA,1,FALSE,FALSE
"P54578",NA,"blue",2,FALSE,FALSE
"P54652",NA,"blue",2,FALSE,FALSE
"P54725",NA,"brown",2,FALSE,TRUE
"P54727",NA,"red",2,FALSE,FALSE
"P54819","green","brown",3,FALSE,FALSE
"P54840",NA,"turquoise",2,FALSE,TRUE
"P54920",NA,"yellow",2,FALSE,FALSE
"P55072","yellow","yellow",3,FALSE,FALSE
"P55083",NA,"yellow",2,FALSE,FALSE
"P55084","brown","brown",3,TRUE,TRUE
"P55145","turquoise",NA,1,TRUE,FALSE
"P55209","yellow",NA,1,FALSE,FALSE
"P55268","yellow","turquoise",3,FALSE,FALSE
"P55290",NA,"turquoise",2,FALSE,TRUE
"P55786","turquoise","turquoise",3,FALSE,FALSE
"P55795","brown",NA,1,FALSE,FALSE
"P55809","brown","blue",3,FALSE,TRUE
"P55822",NA,"red",2,FALSE,TRUE
"P55884","turquoise","yellow",3,FALSE,FALSE
"P56134","brown","turquoise",3,FALSE,TRUE
"P56181",NA,"blue",2,FALSE,FALSE
"P56378",NA,"turquoise",2,FALSE,FALSE
"P56381",NA,"brown",2,FALSE,FALSE
"P56385","turquoise","brown",3,FALSE,TRUE
"P56470",NA,"red",2,FALSE,TRUE
"P56556","brown","blue",3,FALSE,FALSE
"P58546",NA,"yellow",2,TRUE,TRUE
"P59998","brown","turquoise",3,FALSE,FALSE
"P60174","turquoise","brown",3,TRUE,FALSE
"P60660","blue","brown",3,FALSE,FALSE
"P60842","brown",NA,1,FALSE,FALSE
"P60866","turquoise","blue",3,FALSE,TRUE
"P60891",NA,"yellow",2,FALSE,FALSE
"P60900","turquoise","brown",3,FALSE,FALSE
"P60903",NA,"red",2,FALSE,TRUE
"P60953",NA,"turquoise",2,FALSE,TRUE
"P60981","turquoise","red",3,FALSE,FALSE
"P61019","blue","turquoise",3,FALSE,TRUE
"P61026","turquoise","turquoise",3,FALSE,TRUE
"P61088",NA,"yellow",2,FALSE,TRUE
"P61106",NA,"turquoise",2,FALSE,FALSE
"P61158","turquoise","turquoise",3,FALSE,FALSE
"P61160","red",NA,1,FALSE,FALSE
"P61163","brown","yellow",3,FALSE,TRUE
"P61201",NA,"green",2,FALSE,FALSE
"P61247","turquoise","turquoise",3,FALSE,FALSE
"P61254","turquoise","yellow",3,FALSE,FALSE
"P61313","brown","turquoise",3,FALSE,FALSE
"P61353","yellow",NA,1,FALSE,FALSE
"P61457",NA,"blue",2,FALSE,TRUE
"P61513","turquoise","turquoise",3,FALSE,FALSE
"P61604","turquoise","brown",3,FALSE,TRUE
"P61758",NA,"yellow",2,FALSE,TRUE
"P61769",NA,"brown",2,FALSE,TRUE
"P61916","blue",NA,1,FALSE,FALSE
"P61978","brown","brown",3,FALSE,TRUE
"P61981","blue","red",3,FALSE,TRUE
"P62070",NA,"turquoise",2,FALSE,FALSE
"P62072",NA,"brown",2,FALSE,FALSE
"P62081","green","brown",3,FALSE,FALSE
"P62140","turquoise","yellow",3,FALSE,TRUE
"P62158","blue","red",3,FALSE,TRUE
"P62191",NA,"blue",2,FALSE,FALSE
"P62195","turquoise","green",3,FALSE,FALSE
"P62241","turquoise","turquoise",3,FALSE,FALSE
"P62249","green","green",3,FALSE,FALSE
"P62258","yellow","yellow",3,FALSE,FALSE
"P62263","blue","yellow",3,FALSE,TRUE
"P62266","turquoise",NA,1,FALSE,TRUE
"P62269","red","red",3,FALSE,FALSE
"P62273","turquoise",NA,1,FALSE,TRUE
"P62277","brown","yellow",3,FALSE,FALSE
"P62280","turquoise","yellow",3,FALSE,FALSE
"P62316",NA,"blue",2,FALSE,TRUE
"P62318","turquoise","brown",3,FALSE,FALSE
"P62328",NA,"yellow",2,FALSE,TRUE
"P62333","red","brown",3,FALSE,FALSE
"P62424","yellow","pink",3,FALSE,FALSE
"P62701","turquoise","turquoise",3,FALSE,FALSE
"P62750","yellow","red",3,FALSE,FALSE
"P62753","turquoise","blue",3,FALSE,FALSE
"P62805","turquoise","yellow",3,FALSE,TRUE
"P62820","turquoise","turquoise",3,TRUE,TRUE
"P62826","green","blue",3,FALSE,FALSE
"P62829","green","blue",3,FALSE,FALSE
"P62841",NA,"brown",2,FALSE,FALSE
"P62847","green",NA,1,FALSE,FALSE
"P62851","turquoise","blue",3,FALSE,FALSE
"P62857","turquoise","red",3,FALSE,TRUE
"P62861",NA,"green",2,FALSE,FALSE
"P62873","green","brown",3,FALSE,FALSE
"P62879","green","yellow",3,FALSE,FALSE
"P62888","red","red",3,FALSE,FALSE
"P62899",NA,"red",2,FALSE,FALSE
"P62906","red","turquoise",3,FALSE,FALSE
"P62910","turquoise","brown",3,TRUE,FALSE
"P62913","turquoise","blue",3,FALSE,FALSE
"P62917","turquoise","turquoise",3,FALSE,FALSE
"P62937","turquoise","blue",3,FALSE,TRUE
"P62942","yellow","brown",3,FALSE,TRUE
"P62979","yellow",NA,1,FALSE,FALSE
"P63000",NA,"turquoise",2,TRUE,FALSE
"P63010","blue","turquoise",3,FALSE,TRUE
"P63104","yellow","red",3,FALSE,FALSE
"P63151",NA,"green",2,FALSE,FALSE
"P63167","turquoise",NA,1,TRUE,FALSE
"P63173","turquoise","blue",3,FALSE,FALSE
"P63208",NA,"yellow",2,FALSE,TRUE
"P63220","turquoise","blue",3,FALSE,TRUE
"P63241",NA,"brown",2,FALSE,FALSE
"P63244","turquoise","yellow",3,TRUE,FALSE
"P63302",NA,"brown",2,FALSE,FALSE
"P63313",NA,"blue",2,FALSE,TRUE
"P63316","turquoise","red",3,FALSE,FALSE
"P67775",NA,"turquoise",2,FALSE,TRUE
"P67809","blue","yellow",3,FALSE,FALSE
"P67936",NA,"brown",2,FALSE,FALSE
"P68036",NA,"green",2,FALSE,TRUE
"P68133",NA,"turquoise",2,FALSE,FALSE
"P68366",NA,"turquoise",2,FALSE,TRUE
"P68371","brown","blue",3,FALSE,FALSE
"P68402",NA,"red",2,FALSE,FALSE
"P68871",NA,"black",2,FALSE,TRUE
"P69891",NA,"brown",2,FALSE,FALSE
"P69905","brown","black",3,TRUE,TRUE
"P78344",NA,"yellow",2,FALSE,FALSE
"P78371","turquoise","yellow",3,FALSE,TRUE
"P78417","blue","yellow",3,FALSE,FALSE
"P78527","brown",NA,1,FALSE,FALSE
"P78559",NA,"yellow",2,FALSE,TRUE
"P80404",NA,"turquoise",2,FALSE,FALSE
"P80748",NA,"black",2,FALSE,FALSE
"P82650","green","brown",3,FALSE,FALSE
"P82909","turquoise","brown",3,FALSE,FALSE
"P82933",NA,"yellow",2,FALSE,FALSE
"P82979","yellow","blue",3,FALSE,FALSE
"P83111",NA,"turquoise",2,FALSE,FALSE
"P83731","turquoise",NA,1,FALSE,FALSE
"P84098","blue","turquoise",3,FALSE,FALSE
"P84103","turquoise","yellow",3,FALSE,FALSE
"P84243",NA,"turquoise",2,FALSE,FALSE
"P98095",NA,"yellow",2,FALSE,FALSE
"P98160","yellow","pink",3,FALSE,TRUE
"P98179",NA,"brown",2,FALSE,FALSE
"P99999","yellow","red",3,FALSE,FALSE
"Q00059",NA,"brown",2,TRUE,FALSE
"Q00325","blue","turquoise",3,FALSE,TRUE
"Q00577",NA,"blue",2,FALSE,TRUE
"Q00610","turquoise","turquoise",3,FALSE,TRUE
"Q00688","turquoise","red",3,FALSE,FALSE
"Q00765",NA,"turquoise",2,FALSE,TRUE
"Q00839","turquoise","blue",3,FALSE,FALSE
"Q01082","blue","turquoise",3,TRUE,FALSE
"Q01105",NA,"yellow",2,FALSE,FALSE
"Q01449","turquoise",NA,1,TRUE,FALSE
"Q01469","blue","brown",3,FALSE,FALSE
"Q01484","green","green",3,TRUE,FALSE
"Q01518","blue","red",3,FALSE,FALSE
"Q01813","turquoise","turquoise",3,FALSE,TRUE
"Q01955",NA,"turquoise",2,FALSE,FALSE
"Q01995","blue","green",3,FALSE,FALSE
"Q02218","brown","turquoise",3,FALSE,FALSE
"Q02221",NA,"blue",2,FALSE,FALSE
"Q02252",NA,"pink",2,FALSE,FALSE
"Q02338",NA,"turquoise",2,FALSE,FALSE
"Q02543","turquoise",NA,1,FALSE,FALSE
"Q02750",NA,"green",2,FALSE,TRUE
"Q02790","turquoise",NA,1,FALSE,FALSE
"Q02809","blue",NA,1,TRUE,FALSE
"Q02818","blue",NA,1,FALSE,FALSE
"Q02878","turquoise","red",3,FALSE,FALSE
"Q02952",NA,"red",2,FALSE,FALSE
"Q02978","brown","turquoise",3,FALSE,TRUE
"Q03135","turquoise","yellow",3,FALSE,FALSE
"Q03252","turquoise","blue",3,FALSE,TRUE
"Q04446","turquoise","turquoise",3,FALSE,TRUE
"Q04695",NA,"yellow",2,FALSE,FALSE
"Q04760","turquoise","brown",3,FALSE,FALSE
"Q04837","brown","brown",3,FALSE,TRUE
"Q04917","brown","blue",3,FALSE,FALSE
"Q05639","turquoise","turquoise",3,FALSE,FALSE
"Q05682",NA,"blue",2,FALSE,FALSE
"Q05707",NA,"red",2,FALSE,FALSE
"Q05823",NA,"yellow",2,FALSE,FALSE
"Q06033","blue",NA,1,FALSE,FALSE
"Q06124",NA,"green",2,FALSE,FALSE
"Q06323","green","green",3,FALSE,FALSE
"Q06828",NA,"red",2,FALSE,FALSE
"Q06830","brown","yellow",3,FALSE,FALSE
"Q07020","turquoise","turquoise",3,FALSE,FALSE
"Q07021","blue","yellow",3,FALSE,TRUE
"Q07065","blue","blue",3,FALSE,TRUE
"Q07157",NA,"red",2,TRUE,TRUE
"Q07343",NA,"blue",2,FALSE,FALSE
"Q07507",NA,"red",2,FALSE,TRUE
"Q07666","blue","brown",3,FALSE,FALSE
"Q07954","blue",NA,1,FALSE,FALSE
"Q07955","yellow","yellow",3,FALSE,FALSE
"Q07960","yellow","turquoise",3,FALSE,FALSE
"Q08043",NA,"pink",2,FALSE,FALSE
"Q08188",NA,"brown",2,FALSE,FALSE
"Q08211","brown","blue",3,FALSE,TRUE
"Q08257","turquoise","red",3,FALSE,FALSE
"Q08380","yellow","brown",3,FALSE,TRUE
"Q08431","brown","turquoise",3,FALSE,FALSE
"Q08495",NA,"turquoise",2,FALSE,FALSE
"Q09666","yellow","yellow",3,FALSE,TRUE
"Q0VDD8",NA,"black",2,FALSE,TRUE
"Q0VF96",NA,"blue",2,FALSE,TRUE
"Q0ZGT2","yellow","blue",3,TRUE,TRUE
"Q10713","green","blue",3,FALSE,FALSE
"Q12805",NA,"green",2,FALSE,FALSE
"Q12849",NA,"brown",2,FALSE,FALSE
"Q12904","turquoise","brown",3,FALSE,FALSE
"Q12905","green",NA,1,FALSE,FALSE
"Q12906","turquoise","yellow",3,TRUE,TRUE
"Q12931","blue","pink",3,FALSE,FALSE
"Q12955","yellow","blue",3,FALSE,FALSE
"Q12988",NA,"blue",2,FALSE,TRUE
"Q13011","green","brown",3,FALSE,TRUE
"Q13045",NA,"turquoise",2,FALSE,FALSE
"Q13098",NA,"yellow",2,FALSE,TRUE
"Q13136",NA,"brown",2,FALSE,FALSE
"Q13148","green",NA,1,FALSE,FALSE
"Q13151","turquoise","red",3,FALSE,FALSE
"Q13162","blue",NA,1,FALSE,FALSE
"Q13177",NA,"blue",2,FALSE,FALSE
"Q13185","yellow",NA,1,FALSE,FALSE
"Q13200","turquoise","brown",3,FALSE,FALSE
"Q13228",NA,"yellow",2,FALSE,FALSE
"Q13263","blue","blue",3,FALSE,FALSE
"Q13310","turquoise","brown",3,FALSE,FALSE
"Q13326",NA,"turquoise",2,TRUE,TRUE
"Q13347","blue","red",3,FALSE,FALSE
"Q13361",NA,"blue",2,FALSE,FALSE
"Q13404",NA,"brown",2,FALSE,FALSE
"Q13409",NA,"yellow",2,FALSE,FALSE
"Q13418","green","pink",3,TRUE,FALSE
"Q13423","blue","turquoise",3,TRUE,FALSE
"Q13424","blue","blue",3,FALSE,FALSE
"Q13425",NA,"turquoise",2,FALSE,FALSE
"Q13442",NA,"red",2,FALSE,FALSE
"Q13464",NA,"yellow",2,TRUE,FALSE
"Q13505",NA,"blue",2,FALSE,FALSE
"Q13509","blue",NA,1,FALSE,FALSE
"Q13510","turquoise","brown",3,FALSE,FALSE
"Q13554",NA,"turquoise",2,FALSE,FALSE
"Q13557","turquoise","turquoise",3,TRUE,TRUE
"Q13561","turquoise","brown",3,FALSE,TRUE
"Q13596",NA,"blue",2,FALSE,FALSE
"Q13642",NA,"green",2,FALSE,FALSE
"Q13683",NA,"green",2,FALSE,FALSE
"Q13796",NA,"brown",2,FALSE,FALSE
"Q13813","turquoise","yellow",3,FALSE,FALSE
"Q13825",NA,"blue",2,FALSE,FALSE
"Q13838","turquoise","pink",3,FALSE,FALSE
"Q13885","blue",NA,1,FALSE,FALSE
"Q13976",NA,"brown",2,FALSE,TRUE
"Q14011","yellow",NA,1,FALSE,FALSE
"Q14103","yellow","yellow",3,TRUE,TRUE
"Q14112","yellow","pink",3,FALSE,FALSE
"Q14118",NA,"brown",2,TRUE,TRUE
"Q14123",NA,"turquoise",2,FALSE,FALSE
"Q14126",NA,"green",2,FALSE,FALSE
"Q14152","turquoise","green",3,FALSE,FALSE
"Q14160",NA,"yellow",2,FALSE,TRUE
"Q14165",NA,"turquoise",2,TRUE,FALSE
"Q14168",NA,"blue",2,FALSE,FALSE
"Q14192","turquoise","brown",3,FALSE,FALSE
"Q14194","turquoise",NA,1,TRUE,FALSE
"Q14195","yellow","green",3,FALSE,FALSE
"Q14203",NA,"yellow",2,FALSE,FALSE
"Q14204","brown","turquoise",3,FALSE,FALSE
"Q14240","yellow","turquoise",3,FALSE,FALSE
"Q14247","yellow","blue",3,TRUE,TRUE
"Q14254","brown","green",3,FALSE,FALSE
"Q14315","turquoise","turquoise",3,TRUE,TRUE
"Q14344",NA,"turquoise",2,FALSE,TRUE
"Q14432",NA,"green",2,TRUE,FALSE
"Q14444","blue",NA,1,FALSE,FALSE
"Q14571",NA,"green",2,TRUE,FALSE
"Q14624",NA,"black",2,FALSE,TRUE
"Q14697","yellow","turquoise",3,FALSE,FALSE
"Q14766",NA,"blue",2,FALSE,FALSE
"Q14767",NA,"blue",2,FALSE,FALSE
"Q14847",NA,"brown",2,FALSE,FALSE
"Q14894",NA,"green",2,FALSE,FALSE
"Q14896","turquoise","blue",3,TRUE,FALSE
"Q14914",NA,"pink",2,FALSE,FALSE
"Q14974","turquoise","turquoise",3,FALSE,TRUE
"Q14980",NA,"yellow",2,FALSE,FALSE
"Q14BN4",NA,"blue",2,FALSE,TRUE
"Q15008",NA,"turquoise",2,FALSE,FALSE
"Q15019","blue","brown",3,FALSE,TRUE
"Q15029","turquoise",NA,1,FALSE,FALSE
"Q15046",NA,"brown",2,FALSE,FALSE
"Q15056",NA,"brown",2,FALSE,FALSE
"Q15063","blue","turquoise",3,TRUE,FALSE
"Q15075",NA,"blue",2,FALSE,FALSE
"Q15084","turquoise","blue",3,FALSE,TRUE
"Q15118","green","blue",3,TRUE,FALSE
"Q15119",NA,"yellow",2,FALSE,FALSE
"Q15121",NA,"brown",2,FALSE,FALSE
"Q15124",NA,"turquoise",2,FALSE,TRUE
"Q15149","turquoise","red",3,FALSE,FALSE
"Q15185","turquoise","yellow",3,FALSE,FALSE
"Q15233","turquoise","blue",3,FALSE,FALSE
"Q15274","turquoise",NA,1,FALSE,FALSE
"Q15293",NA,"yellow",2,FALSE,TRUE
"Q15327",NA,"blue",2,TRUE,FALSE
"Q15365","turquoise","blue",3,FALSE,FALSE
"Q15366","green",NA,1,FALSE,FALSE
"Q15369","green","brown",3,FALSE,FALSE
"Q15370",NA,"yellow",2,FALSE,TRUE
"Q15398",NA,"turquoise",2,FALSE,FALSE
"Q15404",NA,"brown",2,FALSE,TRUE
"Q15435",NA,"green",2,FALSE,FALSE
"Q15436","turquoise","turquoise",3,FALSE,FALSE
"Q15437",NA,"yellow",2,FALSE,FALSE
"Q15582","green","red",3,FALSE,FALSE
"Q15599",NA,"brown",2,FALSE,FALSE
"Q15643",NA,"green",2,FALSE,TRUE
"Q15652",NA,"brown",2,FALSE,FALSE
"Q15691","yellow","red",3,FALSE,FALSE
"Q15717",NA,"brown",2,FALSE,FALSE
"Q15772",NA,"green",2,FALSE,TRUE
"Q15843",NA,"blue",2,FALSE,FALSE
"Q15847",NA,"yellow",2,FALSE,FALSE
"Q15848",NA,"yellow",2,TRUE,FALSE
"Q15907",NA,"turquoise",2,FALSE,FALSE
"Q15942","blue","brown",3,FALSE,FALSE
"Q16082",NA,"yellow",2,FALSE,FALSE
"Q16134","brown","yellow",3,FALSE,FALSE
"Q16181","blue","brown",3,FALSE,FALSE
"Q16186",NA,"blue",2,FALSE,TRUE
"Q16363","yellow","brown",3,FALSE,FALSE
"Q16531","turquoise","turquoise",3,FALSE,FALSE
"Q16543",NA,"yellow",2,FALSE,TRUE
"Q16555","blue","blue",3,FALSE,TRUE
"Q16585",NA,"turquoise",2,FALSE,TRUE
"Q16586",NA,"yellow",2,FALSE,FALSE
"Q16595",NA,"brown",2,TRUE,TRUE
"Q16629","turquoise",NA,1,FALSE,FALSE
"Q16643","blue","red",3,FALSE,FALSE
"Q16658","brown","yellow",3,FALSE,FALSE
"Q16698","brown","brown",3,TRUE,TRUE
"Q16718","brown","yellow",3,FALSE,FALSE
"Q16762",NA,"blue",2,FALSE,FALSE
"Q16775","brown","brown",3,FALSE,FALSE
"Q16795","turquoise","turquoise",3,FALSE,FALSE
"Q16798",NA,"turquoise",2,FALSE,TRUE
"Q16825",NA,"brown",2,FALSE,FALSE
"Q16836","green","yellow",3,FALSE,TRUE
"Q16851","turquoise","blue",3,FALSE,FALSE
"Q16853",NA,"turquoise",2,FALSE,FALSE
"Q16891","blue","brown",3,FALSE,FALSE
"Q1KMD3","blue","green",3,FALSE,FALSE
"Q2M2I5",NA,"green",2,FALSE,FALSE
"Q2TAA2",NA,"turquoise",2,FALSE,FALSE
"Q2UY09",NA,"red",2,FALSE,FALSE
"Q32MK0","turquoise","blue",3,FALSE,FALSE
"Q3KQU3",NA,"blue",2,FALSE,TRUE
"Q3SXM5",NA,"turquoise",2,FALSE,FALSE
"Q3V6T2",NA,"brown",2,FALSE,FALSE
"Q3ZCQ8",NA,"blue",2,FALSE,FALSE
"Q494V2",NA,"yellow",2,FALSE,FALSE
"Q4AC99",NA,"brown",2,FALSE,FALSE
"Q4LE39",NA,"brown",2,FALSE,TRUE
"Q4VC31",NA,"red",2,FALSE,FALSE
"Q52LJ0",NA,"turquoise",2,FALSE,FALSE
"Q53GG5","turquoise","blue",3,FALSE,FALSE
"Q53GQ0",NA,"turquoise",2,FALSE,TRUE
"Q53GS7",NA,"brown",2,FALSE,FALSE
"Q53H12",NA,"turquoise",2,FALSE,TRUE
"Q562R1",NA,"blue",2,FALSE,TRUE
"Q567U6",NA,"brown",2,FALSE,FALSE
"Q58FF3","brown",NA,1,FALSE,FALSE
"Q5BKX8",NA,"green",2,FALSE,TRUE
"Q5HYK3",NA,"brown",2,FALSE,FALSE
"Q5JPE7",NA,"green",2,FALSE,FALSE
"Q5JPH6",NA,"green",2,FALSE,FALSE
"Q5JRX3",NA,"turquoise",2,FALSE,FALSE
"Q5JTJ3",NA,"brown",2,FALSE,FALSE
"Q5JTV8",NA,"green",2,FALSE,FALSE
"Q5JWF2",NA,"turquoise",2,FALSE,TRUE
"Q5JYT7",NA,"blue",2,FALSE,FALSE
"Q5SSJ5",NA,"green",2,FALSE,TRUE
"Q5SV97",NA,"yellow",2,FALSE,FALSE
"Q5T440",NA,"blue",2,FALSE,FALSE
"Q5T7N2",NA,"black",2,FALSE,FALSE
"Q5T8P6",NA,"green",2,FALSE,FALSE
"Q5T9S5",NA,"brown",2,FALSE,FALSE
"Q5TC12",NA,"green",2,FALSE,FALSE
"Q5TZA2",NA,"green",2,FALSE,FALSE
"Q5VST9","green","green",3,FALSE,TRUE
"Q5VTT5",NA,"blue",2,FALSE,FALSE
"Q5VU43",NA,"turquoise",2,FALSE,FALSE
"Q5VWP3","turquoise","blue",3,TRUE,TRUE
"Q5VWZ2",NA,"turquoise",2,FALSE,TRUE
"Q5VZP5",NA,"blue",2,FALSE,FALSE
"Q5XKP0",NA,"turquoise",2,FALSE,FALSE
"Q5XPI4",NA,"turquoise",2,FALSE,FALSE
"Q63ZY3",NA,"brown",2,FALSE,FALSE
"Q68CZ1",NA,"green",2,FALSE,FALSE
"Q68DE3",NA,"turquoise",2,FALSE,FALSE
"Q6GMR7",NA,"brown",2,FALSE,FALSE
"Q6IBS0",NA,"green",2,FALSE,FALSE
"Q6IQ16",NA,"yellow",2,FALSE,TRUE
"Q6NUK1",NA,"yellow",2,FALSE,FALSE
"Q6NVY1",NA,"blue",2,FALSE,TRUE
"Q6NZI2","blue","red",3,FALSE,TRUE
"Q6P2Q9",NA,"brown",2,FALSE,FALSE
"Q6P587","brown","brown",3,FALSE,FALSE
"Q6P5Q4",NA,"brown",2,FALSE,FALSE
"Q6PCB0",NA,"brown",2,FALSE,FALSE
"Q6PCB7",NA,"turquoise",2,FALSE,TRUE
"Q6PI48","green","green",3,FALSE,TRUE
"Q6PIU2",NA,"turquoise",2,FALSE,TRUE
"Q6QEF8",NA,"green",2,FALSE,FALSE
"Q6UXV4",NA,"turquoise",2,FALSE,FALSE
"Q6YN16","green","turquoise",3,FALSE,FALSE
"Q6ZP82",NA,"turquoise",2,FALSE,FALSE
"Q6ZR08",NA,"turquoise",2,FALSE,FALSE
"Q6ZVM7",NA,"yellow",2,FALSE,FALSE
"Q702N8","turquoise","blue",3,FALSE,FALSE
"Q71U36","brown","green",3,FALSE,TRUE
"Q7KZF4","yellow","turquoise",3,FALSE,FALSE
"Q7L5N1",NA,"yellow",2,FALSE,FALSE
"Q7Z3D6",NA,"turquoise",2,FALSE,FALSE
"Q7Z406",NA,"brown",2,FALSE,FALSE
"Q7Z4W1","green","blue",3,FALSE,FALSE
"Q7Z553",NA,"turquoise",2,FALSE,FALSE
"Q7Z794",NA,"brown",2,FALSE,FALSE
"Q7Z7B0",NA,"blue",2,FALSE,FALSE
"Q7Z7G0",NA,"brown",2,FALSE,FALSE
"Q7Z7M0",NA,"brown",2,FALSE,FALSE
"Q86SX6",NA,"blue",2,FALSE,FALSE
"Q86TC9",NA,"turquoise",2,FALSE,FALSE
"Q86TD4",NA,"pink",2,FALSE,FALSE
"Q86TX2","brown","pink",3,FALSE,FALSE
"Q86U28",NA,"brown",2,FALSE,FALSE
"Q86UP2","yellow","brown",3,FALSE,FALSE
"Q86UR5",NA,"brown",2,FALSE,FALSE
"Q86US8",NA,"yellow",2,FALSE,FALSE
"Q86UT6",NA,"turquoise",2,FALSE,TRUE
"Q86VF7",NA,"blue",2,FALSE,FALSE
"Q86VP6","turquoise","green",3,FALSE,TRUE
"Q86VV8",NA,"green",2,FALSE,FALSE
"Q86WU2",NA,"blue",2,FALSE,FALSE
"Q86Y39",NA,"turquoise",2,FALSE,FALSE
"Q86Y46",NA,"blue",2,FALSE,FALSE
"Q86YB7",NA,"brown",2,FALSE,FALSE
"Q86YM7",NA,"brown",2,FALSE,FALSE
"Q86YZ3",NA,"brown",2,FALSE,TRUE
"Q8IUG5",NA,"red",2,FALSE,FALSE
"Q8IUL8",NA,"red",2,FALSE,TRUE
"Q8IUX7",NA,"blue",2,FALSE,FALSE
"Q8IV08","turquoise",NA,1,FALSE,FALSE
"Q8IVH4",NA,"blue",2,FALSE,TRUE
"Q8IVN3",NA,"brown",2,FALSE,FALSE
"Q8IWA4",NA,"brown",2,FALSE,FALSE
"Q8IWW8",NA,"brown",2,FALSE,FALSE
"Q8IWX7","turquoise","turquoise",3,FALSE,TRUE
"Q8IXI1",NA,"green",2,FALSE,FALSE
"Q8IXI2",NA,"green",2,FALSE,FALSE
"Q8IZT6",NA,"brown",2,FALSE,FALSE
"Q8N0X4",NA,"brown",2,FALSE,FALSE
"Q8N139",NA,"yellow",2,FALSE,FALSE
"Q8N142",NA,"turquoise",2,FALSE,FALSE
"Q8N183",NA,"brown",2,FALSE,FALSE
"Q8N1G2",NA,"blue",2,FALSE,FALSE
"Q8N1G4","blue","green",3,FALSE,TRUE
"Q8N335",NA,"turquoise",2,TRUE,TRUE
"Q8N3J5",NA,"yellow",2,FALSE,FALSE
"Q8N3K9",NA,"red",2,FALSE,FALSE
"Q8N3L3",NA,"pink",2,FALSE,FALSE
"Q8N3V7",NA,"red",2,FALSE,FALSE
"Q8N4Q0",NA,"blue",2,FALSE,FALSE
"Q8N5M1",NA,"turquoise",2,FALSE,FALSE
"Q8N6K7",NA,"red",2,FALSE,FALSE
"Q8N766",NA,"turquoise",2,FALSE,TRUE
"Q8N7X0",NA,"brown",2,FALSE,TRUE
"Q8N8N7",NA,"yellow",2,FALSE,FALSE
"Q8NB12","turquoise","pink",3,FALSE,TRUE
"Q8NB16",NA,"red",2,FALSE,FALSE
"Q8NBF2",NA,"turquoise",2,FALSE,FALSE
"Q8NBN7",NA,"turquoise",2,FALSE,FALSE
"Q8NBS9","brown","red",3,FALSE,FALSE
"Q8NBU5",NA,"turquoise",2,FALSE,TRUE
"Q8NBX0",NA,"turquoise",2,FALSE,FALSE
"Q8NC51","turquoise","blue",3,FALSE,FALSE
"Q8NCA5",NA,"yellow",2,FALSE,FALSE
"Q8NCU8",NA,"turquoise",2,FALSE,FALSE
"Q8NCW5",NA,"yellow",2,FALSE,TRUE
"Q8NDY3",NA,"turquoise",2,FALSE,TRUE
"Q8NE79","turquoise","turquoise",3,FALSE,TRUE
"Q8NF91",NA,"red",2,FALSE,TRUE
"Q8NFV4",NA,"brown",2,FALSE,FALSE
"Q8NI60",NA,"brown",2,FALSE,FALSE
"Q8TB37",NA,"turquoise",2,FALSE,FALSE
"Q8TCS8",NA,"yellow",2,FALSE,FALSE
"Q8TD26",NA,"turquoise",2,FALSE,FALSE
"Q8TD84",NA,"turquoise",2,FALSE,FALSE
"Q8TE73",NA,"blue",2,FALSE,FALSE
"Q8TEU7",NA,"brown",2,FALSE,FALSE
"Q8WUM4","turquoise","green",3,FALSE,FALSE
"Q8WVV4",NA,"brown",2,FALSE,FALSE
"Q8WW22",NA,"green",2,FALSE,FALSE
"Q8WW59",NA,"yellow",2,FALSE,FALSE
"Q8WWI1",NA,"brown",2,FALSE,FALSE
"Q8WWV3",NA,"turquoise",2,FALSE,FALSE
"Q8WX93","blue","yellow",3,FALSE,FALSE
"Q8WXH0",NA,"blue",2,FALSE,TRUE
"Q8WZ42","brown","yellow",3,TRUE,FALSE
"Q92499","green","yellow",3,FALSE,FALSE
"Q92506",NA,"blue",2,FALSE,FALSE
"Q92522",NA,"blue",2,FALSE,FALSE
"Q92523",NA,"turquoise",2,FALSE,TRUE
"Q92552",NA,"turquoise",2,FALSE,FALSE
"Q92597",NA,"red",2,FALSE,FALSE
"Q92614","turquoise","turquoise",3,FALSE,FALSE
"Q92626",NA,"turquoise",2,FALSE,TRUE
"Q92629",NA,"turquoise",2,TRUE,TRUE
"Q92665",NA,"blue",2,FALSE,FALSE
"Q92734",NA,"blue",2,FALSE,FALSE
"Q92736",NA,"turquoise",2,TRUE,TRUE
"Q92743","brown",NA,1,FALSE,FALSE
"Q92747",NA,"green",2,FALSE,FALSE
"Q92841","turquoise","blue",3,FALSE,FALSE
"Q92890",NA,"turquoise",2,FALSE,TRUE
"Q92901",NA,"turquoise",2,FALSE,TRUE
"Q92945","turquoise","blue",3,FALSE,FALSE
"Q92947",NA,"pink",2,FALSE,FALSE
"Q92973","turquoise","pink",3,FALSE,FALSE
"Q93052",NA,"yellow",2,FALSE,FALSE
"Q93062",NA,"red",2,FALSE,FALSE
"Q93077",NA,"blue",2,FALSE,TRUE
"Q969G5","red","blue",3,FALSE,FALSE
"Q969H8","blue",NA,1,FALSE,FALSE
"Q969T9",NA,"red",2,FALSE,FALSE
"Q96A26",NA,"turquoise",2,FALSE,TRUE
"Q96AB3",NA,"blue",2,FALSE,FALSE
"Q96AC1","brown","turquoise",3,FALSE,TRUE
"Q96AE4","turquoise","red",3,FALSE,FALSE
"Q96AG4","green",NA,1,FALSE,FALSE
"Q96AN5",NA,"turquoise",2,FALSE,TRUE
"Q96AY3","blue",NA,1,FALSE,FALSE
"Q96C01",NA,"red",2,FALSE,FALSE
"Q96CM8","brown","turquoise",3,FALSE,FALSE
"Q96CN7","turquoise","blue",3,FALSE,FALSE
"Q96CV9",NA,"blue",2,FALSE,FALSE
"Q96CW1",NA,"turquoise",2,FALSE,FALSE
"Q96CX2",NA,"red",2,FALSE,FALSE
"Q96DB5",NA,"brown",2,TRUE,FALSE
"Q96DC8",NA,"brown",2,FALSE,FALSE
"Q96DG6",NA,"turquoise",2,FALSE,FALSE
"Q96DL1",NA,"black",2,FALSE,TRUE
"Q96DV4","green",NA,1,FALSE,FALSE
"Q96E11",NA,"brown",2,FALSE,FALSE
"Q96EY1",NA,"brown",2,FALSE,FALSE
"Q96EY7",NA,"turquoise",2,FALSE,FALSE
"Q96FJ2",NA,"blue",2,FALSE,FALSE
"Q96FW1","yellow","green",3,FALSE,TRUE
"Q96GK7",NA,"brown",2,FALSE,TRUE
"Q96HC4","turquoise","brown",3,FALSE,FALSE
"Q96HY7",NA,"blue",2,FALSE,FALSE
"Q96I23",NA,"turquoise",2,FALSE,FALSE
"Q96I99","green","brown",3,FALSE,TRUE
"Q96IX5","blue","green",3,FALSE,TRUE
"Q96KP4",NA,"yellow",2,FALSE,FALSE
"Q96L34",NA,"blue",2,FALSE,TRUE
"Q96MF6",NA,"turquoise",2,FALSE,FALSE
"Q96NW7",NA,"turquoise",2,FALSE,FALSE
"Q96PE7",NA,"blue",2,FALSE,FALSE
"Q96PP4",NA,"green",2,FALSE,TRUE
"Q96PU8",NA,"blue",2,FALSE,FALSE
"Q96Q06",NA,"brown",2,FALSE,FALSE
"Q96Q15",NA,"blue",2,FALSE,FALSE
"Q96QK1","blue","turquoise",3,FALSE,TRUE
"Q96QR8",NA,"yellow",2,TRUE,FALSE
"Q96QV1",NA,"turquoise",2,FALSE,TRUE
"Q96RP9",NA,"yellow",2,FALSE,FALSE
"Q96RQ3",NA,"blue",2,FALSE,TRUE
"Q96T58",NA,"yellow",2,FALSE,TRUE
"Q99436",NA,"yellow",2,FALSE,FALSE
"Q99447",NA,"blue",2,FALSE,FALSE
"Q99459",NA,"brown",2,FALSE,FALSE
"Q99460","green","turquoise",3,FALSE,TRUE
"Q99489",NA,"yellow",2,FALSE,FALSE
"Q99497","turquoise","brown",3,FALSE,FALSE
"Q99536","green","blue",3,FALSE,TRUE
"Q99571",NA,"yellow",2,TRUE,FALSE
"Q99584",NA,"red",2,FALSE,TRUE
"Q99623","brown","brown",3,FALSE,FALSE
"Q99627",NA,"yellow",2,FALSE,FALSE
"Q99653",NA,"yellow",2,FALSE,FALSE
"Q99714","brown","turquoise",3,FALSE,FALSE
"Q99715",NA,"red",2,FALSE,FALSE
"Q99729","turquoise","yellow",3,FALSE,TRUE
"Q99733","yellow","red",3,FALSE,FALSE
"Q99747",NA,"yellow",2,FALSE,FALSE
"Q99757",NA,"green",2,FALSE,FALSE
"Q99766",NA,"green",2,FALSE,FALSE
"Q99798","blue","brown",3,FALSE,FALSE
"Q99807",NA,"green",2,FALSE,TRUE
"Q99832","brown","brown",3,FALSE,FALSE
"Q99873","blue",NA,1,FALSE,FALSE
"Q99959","green","turquoise",3,TRUE,FALSE
"Q9BPW8","blue","brown",3,FALSE,FALSE
"Q9BPX5",NA,"red",2,FALSE,FALSE
"Q9BQ69",NA,"turquoise",2,FALSE,FALSE
"Q9BQ95",NA,"turquoise",2,FALSE,FALSE
"Q9BQI9",NA,"blue",2,FALSE,FALSE
"Q9BR39",NA,"turquoise",2,FALSE,FALSE
"Q9BRA2","turquoise","red",3,FALSE,TRUE
"Q9BRG1",NA,"turquoise",2,FALSE,FALSE
"Q9BRT2",NA,"yellow",2,FALSE,TRUE
"Q9BRX2",NA,"brown",2,FALSE,FALSE
"Q9BRX8",NA,"turquoise",2,FALSE,FALSE
"Q9BS26","blue",NA,1,FALSE,FALSE
"Q9BS92",NA,"brown",2,FALSE,FALSE
"Q9BSH4",NA,"yellow",2,FALSE,FALSE
"Q9BT78","green","blue",3,FALSE,FALSE
"Q9BTZ2",NA,"brown",2,FALSE,FALSE
"Q9BU61",NA,"brown",2,FALSE,FALSE
"Q9BUF5","blue","turquoise",3,FALSE,FALSE
"Q9BUR5",NA,"green",2,FALSE,FALSE
"Q9BV73",NA,"blue",2,FALSE,TRUE
"Q9BV79",NA,"blue",2,FALSE,FALSE
"Q9BVC6",NA,"turquoise",2,FALSE,TRUE
"Q9BVK6","blue",NA,1,FALSE,FALSE
"Q9BVV7",NA,"turquoise",2,FALSE,TRUE
"Q9BW72",NA,"green",2,FALSE,FALSE
"Q9BWH2",NA,"turquoise",2,FALSE,TRUE
"Q9BX66",NA,"blue",2,FALSE,FALSE
"Q9BX68","green","brown",3,FALSE,TRUE
"Q9BXK5",NA,"turquoise",2,FALSE,FALSE
"Q9BXN1",NA,"red",2,FALSE,FALSE
"Q9BXW7",NA,"green",2,FALSE,FALSE
"Q9BXX0",NA,"blue",2,FALSE,FALSE
"Q9BY12",NA,"blue",2,FALSE,FALSE
"Q9BYD3",NA,"brown",2,FALSE,FALSE
"Q9BYN8",NA,"yellow",2,FALSE,FALSE
"Q9BYV2",NA,"blue",2,FALSE,FALSE
"Q9BYZ2",NA,"green",2,FALSE,FALSE
"Q9BZL4",NA,"blue",2,FALSE,FALSE
"Q9BZQ8",NA,"turquoise",2,FALSE,FALSE
"Q9GZM7",NA,"pink",2,FALSE,FALSE
"Q9GZT3","turquoise","yellow",3,FALSE,FALSE
"Q9GZV1",NA,"turquoise",2,FALSE,FALSE
"Q9GZY8",NA,"turquoise",2,FALSE,TRUE
"Q9H061",NA,"pink",2,FALSE,FALSE
"Q9H0E2",NA,"brown",2,FALSE,FALSE
"Q9H0N5",NA,"yellow",2,FALSE,FALSE
"Q9H0R4",NA,"yellow",2,FALSE,FALSE
"Q9H0U4",NA,"turquoise",2,FALSE,FALSE
"Q9H1E3",NA,"brown",2,FALSE,FALSE
"Q9H1K1",NA,"brown",2,FALSE,FALSE
"Q9H223","turquoise","pink",3,FALSE,TRUE
"Q9H254",NA,"blue",2,FALSE,TRUE
"Q9H299",NA,"brown",2,FALSE,FALSE
"Q9H2D6",NA,"blue",2,FALSE,TRUE
"Q9H2U2",NA,"brown",2,TRUE,FALSE
"Q9H2W6",NA,"brown",2,FALSE,FALSE
"Q9H3G5","turquoise","yellow",3,FALSE,FALSE
"Q9H3S7",NA,"brown",2,FALSE,TRUE
"Q9H444","blue",NA,1,FALSE,FALSE
"Q9H479",NA,"turquoise",2,FALSE,TRUE
"Q9H4B7",NA,"yellow",2,FALSE,FALSE
"Q9H4M9",NA,"blue",2,FALSE,FALSE
"Q9H598",NA,"blue",2,FALSE,TRUE
"Q9H6K4",NA,"turquoise",2,FALSE,FALSE
"Q9H7C9",NA,"green",2,FALSE,FALSE
"Q9H7Z7",NA,"blue",2,FALSE,TRUE
"Q9H845",NA,"brown",2,TRUE,FALSE
"Q9H853",NA,"green",2,FALSE,TRUE
"Q9H8L6",NA,"yellow",2,FALSE,FALSE
"Q9H8M1",NA,"yellow",2,FALSE,FALSE
"Q9H987","turquoise","blue",3,FALSE,FALSE
"Q9H9B4","blue","turquoise",3,FALSE,TRUE
"Q9H9P8",NA,"turquoise",2,FALSE,FALSE
"Q9HAT2",NA,"brown",2,FALSE,FALSE
"Q9HAV7",NA,"blue",2,FALSE,TRUE
"Q9HBH5",NA,"turquoise",2,FALSE,FALSE
"Q9HBK9",NA,"green",2,FALSE,TRUE
"Q9HBL0",NA,"brown",2,FALSE,FALSE
"Q9HBL7",NA,"turquoise",2,FALSE,FALSE
"Q9HBU9","red",NA,1,FALSE,FALSE
"Q9HC38",NA,"red",2,FALSE,FALSE
"Q9HCC0",NA,"blue",2,FALSE,FALSE
"Q9HCP6",NA,"turquoise",2,FALSE,TRUE
"Q9HD34",NA,"brown",2,FALSE,FALSE
"Q9NNW7",NA,"blue",2,FALSE,TRUE
"Q9NP72",NA,"turquoise",2,FALSE,TRUE
"Q9NP74",NA,"red",2,FALSE,FALSE
"Q9NP81",NA,"brown",2,FALSE,FALSE
"Q9NP97",NA,"yellow",2,FALSE,TRUE
"Q9NPC6","turquoise","brown",3,FALSE,TRUE
"Q9NPH2","turquoise",NA,1,TRUE,FALSE
"Q9NPJ3","turquoise","brown",3,FALSE,FALSE
"Q9NQC3","yellow","turquoise",3,FALSE,FALSE
"Q9NQH7",NA,"blue",2,FALSE,FALSE
"Q9NQW7",NA,"turquoise",2,FALSE,FALSE
"Q9NQX4",NA,"blue",2,FALSE,TRUE
"Q9NR09",NA,"green",2,FALSE,FALSE
"Q9NR28",NA,"brown",2,FALSE,FALSE
"Q9NR45","blue","blue",3,FALSE,FALSE
"Q9NRG7",NA,"green",2,FALSE,FALSE
"Q9NRV9",NA,"brown",2,FALSE,FALSE
"Q9NRX4",NA,"brown",2,FALSE,TRUE
"Q9NS69",NA,"green",2,FALSE,FALSE
"Q9NSD9","brown","green",3,FALSE,TRUE
"Q9NSE4","brown","green",3,FALSE,TRUE
"Q9NT22",NA,"turquoise",2,FALSE,FALSE
"Q9NTG7",NA,"yellow",2,TRUE,FALSE
"Q9NTK5",NA,"yellow",2,FALSE,FALSE
"Q9NU22",NA,"yellow",2,FALSE,FALSE
"Q9NUB1",NA,"turquoise",2,FALSE,FALSE
"Q9NUJ1",NA,"yellow",2,FALSE,FALSE
"Q9NUL3",NA,"turquoise",2,FALSE,FALSE
"Q9NV70",NA,"brown",2,FALSE,TRUE
"Q9NVA2",NA,"blue",2,FALSE,FALSE
"Q9NVD7",NA,"turquoise",2,FALSE,FALSE
"Q9NVH1",NA,"turquoise",2,FALSE,TRUE
"Q9NVH6",NA,"turquoise",2,FALSE,FALSE
"Q9NVI7",NA,"pink",2,FALSE,FALSE
"Q9NVJ2",NA,"turquoise",2,FALSE,TRUE
"Q9NVT9",NA,"turquoise",2,FALSE,FALSE
"Q9NWU1",NA,"yellow",2,FALSE,FALSE
"Q9NX14",NA,"turquoise",2,FALSE,FALSE
"Q9NX40",NA,"brown",2,FALSE,FALSE
"Q9NX63","brown","brown",3,FALSE,FALSE
"Q9NXA8",NA,"red",2,FALSE,FALSE
"Q9NXG0",NA,"red",2,FALSE,FALSE
"Q9NY65",NA,"turquoise",2,FALSE,FALSE
"Q9NYJ8",NA,"blue",2,FALSE,TRUE
"Q9NYU2","red",NA,1,FALSE,FALSE
"Q9NZ45","blue","green",3,FALSE,TRUE
"Q9NZ56",NA,"blue",2,FALSE,TRUE
"Q9NZA1",NA,"blue",2,FALSE,FALSE
"Q9NZI8","turquoise",NA,1,FALSE,FALSE
"Q9NZJ4",NA,"yellow",2,FALSE,FALSE
"Q9NZJ6",NA,"green",2,FALSE,FALSE
"Q9NZJ7",NA,"turquoise",2,FALSE,TRUE
"Q9NZL9",NA,"yellow",2,FALSE,FALSE
"Q9NZN3","turquoise","blue",3,TRUE,FALSE
"Q9NZN4",NA,"brown",2,FALSE,FALSE
"Q9NZT1",NA,"brown",2,FALSE,FALSE
"Q9P032",NA,"turquoise",2,FALSE,FALSE
"Q9P0J0","red","blue",3,FALSE,FALSE
"Q9P0J1",NA,"green",2,FALSE,FALSE
"Q9P0L0",NA,"green",2,FALSE,TRUE
"Q9P0M6","turquoise",NA,1,FALSE,FALSE
"Q9P2D1",NA,"brown",2,FALSE,FALSE
"Q9P2E9","blue","brown",3,FALSE,FALSE
"Q9P2R7","brown","green",3,FALSE,TRUE
"Q9P2T1",NA,"black",2,FALSE,FALSE
"Q9UBI6",NA,"brown",2,FALSE,FALSE
"Q9UBQ0",NA,"green",2,FALSE,FALSE
"Q9UBQ7","brown","green",3,FALSE,FALSE
"Q9UBR2","yellow","brown",3,FALSE,FALSE
"Q9UBX5",NA,"red",2,TRUE,FALSE
"Q9UBY9","turquoise","brown",3,TRUE,TRUE
"Q9UDR5",NA,"green",2,FALSE,FALSE
"Q9UDW1",NA,"green",2,FALSE,FALSE
"Q9UDY2",NA,"yellow",2,FALSE,TRUE
"Q9UDY4",NA,"blue",2,FALSE,FALSE
"Q9UFN0",NA,"blue",2,FALSE,FALSE
"Q9UHD8","green","brown",3,FALSE,FALSE
"Q9UHD9",NA,"red",2,FALSE,TRUE
"Q9UHG3","red","turquoise",3,FALSE,FALSE
"Q9UHP9",NA,"brown",2,FALSE,FALSE
"Q9UHQ9",NA,"turquoise",2,FALSE,FALSE
"Q9UHV9",NA,"brown",2,FALSE,TRUE
"Q9UI09",NA,"red",2,FALSE,FALSE
"Q9UI46",NA,"turquoise",2,FALSE,FALSE
"Q9UI47",NA,"turquoise",2,FALSE,TRUE
"Q9UIF8",NA,"blue",2,FALSE,FALSE
"Q9UII2",NA,"blue",2,FALSE,TRUE
"Q9UIJ7","blue","brown",3,FALSE,FALSE
"Q9UJ70",NA,"yellow",2,FALSE,FALSE
"Q9UJU6","blue","blue",3,FALSE,FALSE
"Q9UJY1",NA,"blue",2,FALSE,TRUE
"Q9UJZ1","brown","yellow",3,FALSE,TRUE
"Q9UKG1",NA,"yellow",2,FALSE,FALSE
"Q9UKM9","green",NA,1,FALSE,FALSE
"Q9UKS6",NA,"pink",2,FALSE,TRUE
"Q9UKU0",NA,"yellow",2,FALSE,FALSE
"Q9UKU7","green","blue",3,FALSE,FALSE
"Q9UL25",NA,"brown",2,FALSE,FALSE
"Q9UL46",NA,"green",2,FALSE,FALSE
"Q9ULA0",NA,"brown",2,FALSE,FALSE
"Q9ULE0",NA,"blue",2,FALSE,TRUE
"Q9ULV4","green","yellow",3,FALSE,FALSE
"Q9UMS0",NA,"brown",2,FALSE,FALSE
"Q9UMS6",NA,"yellow",2,FALSE,FALSE
"Q9UMZ2",NA,"red",2,FALSE,FALSE
"Q9UN36",NA,"green",2,FALSE,FALSE
"Q9UN86","turquoise",NA,1,FALSE,FALSE
"Q9UNF0",NA,"red",2,FALSE,TRUE
"Q9UNM6",NA,"blue",2,FALSE,TRUE
"Q9UNZ2",NA,"brown",2,FALSE,FALSE
"Q9UPN3",NA,"blue",2,FALSE,FALSE
"Q9UPQ0",NA,"pink",2,FALSE,FALSE
"Q9UPU5",NA,"brown",2,FALSE,FALSE
"Q9UQ16",NA,"green",2,FALSE,FALSE
"Q9UQ80","turquoise","green",3,FALSE,FALSE
"Q9UQ90",NA,"turquoise",2,FALSE,FALSE
"Q9Y224","turquoise","yellow",3,FALSE,TRUE
"Q9Y230","yellow","blue",3,FALSE,TRUE
"Q9Y235","turquoise","turquoise",3,FALSE,FALSE
"Q9Y241",NA,"turquoise",2,FALSE,FALSE
"Q9Y262",NA,"blue",2,FALSE,FALSE
"Q9Y265","green","red",3,FALSE,FALSE
"Q9Y276",NA,"green",2,FALSE,TRUE
"Q9Y277","brown","turquoise",3,FALSE,TRUE
"Q9Y281","yellow","blue",3,FALSE,FALSE
"Q9Y285",NA,"blue",2,FALSE,FALSE
"Q9Y2D5","blue","green",3,FALSE,FALSE
"Q9Y2J0",NA,"green",2,FALSE,FALSE
"Q9Y2J2","turquoise",NA,1,FALSE,FALSE
"Q9Y2P4",NA,"turquoise",2,TRUE,FALSE
"Q9Y2Q3","blue","turquoise",3,FALSE,FALSE
"Q9Y2Q9",NA,"brown",2,FALSE,FALSE
"Q9Y2R0",NA,"blue",2,FALSE,FALSE
"Q9Y2S6",NA,"blue",2,FALSE,TRUE
"Q9Y2W1",NA,"blue",2,FALSE,FALSE
"Q9Y2Z9",NA,"brown",2,FALSE,FALSE
"Q9Y305","blue","pink",3,FALSE,FALSE
"Q9Y333",NA,"yellow",2,FALSE,TRUE
"Q9Y371",NA,"blue",2,FALSE,TRUE
"Q9Y383","turquoise",NA,1,FALSE,FALSE
"Q9Y399",NA,"green",2,FALSE,TRUE
"Q9Y3B3","brown",NA,1,FALSE,FALSE
"Q9Y3B8",NA,"pink",2,FALSE,FALSE
"Q9Y3D2",NA,"brown",2,FALSE,TRUE
"Q9Y3D6",NA,"yellow",2,FALSE,FALSE
"Q9Y3D9",NA,"brown",2,FALSE,FALSE
"Q9Y3E5",NA,"blue",2,FALSE,FALSE
"Q9Y3F4","brown","brown",3,FALSE,FALSE
"Q9Y3I0","red","blue",3,FALSE,FALSE
"Q9Y490","blue","blue",3,FALSE,FALSE
"Q9Y4G6",NA,"brown",2,FALSE,FALSE
"Q9Y4J8",NA,"pink",2,TRUE,FALSE
"Q9Y4L1","blue","turquoise",3,FALSE,FALSE
"Q9Y4W6","blue","yellow",3,FALSE,FALSE
"Q9Y512","blue","blue",3,FALSE,FALSE
"Q9Y5J7",NA,"brown",2,FALSE,TRUE
"Q9Y5J9",NA,"brown",2,FALSE,TRUE
"Q9Y5K5",NA,"yellow",2,FALSE,FALSE
"Q9Y5L4","turquoise","brown",3,FALSE,TRUE
"Q9Y5U8",NA,"pink",2,FALSE,FALSE
"Q9Y5Y9",NA,"green",2,FALSE,TRUE
"Q9Y5Z4",NA,"blue",2,FALSE,FALSE
"Q9Y608",NA,"turquoise",2,FALSE,FALSE
"Q9Y618",NA,"blue",2,FALSE,FALSE
"Q9Y623","yellow","pink",3,FALSE,FALSE
"Q9Y639","turquoise",NA,1,FALSE,FALSE
"Q9Y678","brown",NA,1,FALSE,FALSE
"Q9Y696","brown","yellow",3,FALSE,FALSE
"Q9Y697",NA,"brown",2,FALSE,FALSE
"Q9Y6B6",NA,"green",2,FALSE,FALSE
"Q9Y6C2","blue","brown",3,FALSE,FALSE
"Q9Y6C9","brown","turquoise",3,FALSE,TRUE
"Q9Y6E2",NA,"turquoise",2,FALSE,FALSE
"Q9Y6I3",NA,"red",2,FALSE,FALSE
"Q9Y6I4",NA,"blue",2,FALSE,TRUE
"Q9Y6K8",NA,"brown",2,FALSE,FALSE
"Q9Y6M1","turquoise",NA,1,FALSE,TRUE
"Q9Y6M9","blue","blue",3,FALSE,FALSE
